Date,MAX_TEMPERATURE_C,MIN_TEMPERATURE_C,TEMP_MOY,HUMIDITY_MAX_PERCENT,HUMIDITY_EST_AVG,WINDSPEED_MAX_KMH,WINDSPEED_AVG_KMH,PRECIP_TOTAL_DAY_MM,SUNHOUR,SR_EST_W_m2,PRESSURE_MAX_MB,CLOUDCOVER_AVG_PERCENT,CO,NO2,SO2,O3,PM2.5,PM10,AQI
2024-01-01,25,23,23.75,71,53.25,19,11.4,0.0,10,1500,1018,9.625,269.6666666666667,16.775,9.058333333333334,83.08333333333333,25.15833333333333,68.59166666666667,64.99368270833334
2024-01-02,24,22,23.25,67,50.25,28,16.8,0.0,10,1500,1018,12.75,252.25,14.841666666666667,6.883333333333333,87.25,25.849999999999998,64.38333333333334,69.50249929166667
2024-01-03,24,21,22.25,63,47.25,21,12.6,0.0,9,1350,1017,25.375,250.91666666666666,17.1875,8.200000000000001,80.54166666666667,23.575,64.66666666666667,59.74090241666667
2024-01-04,24,22,23.25,67,50.25,37,22.2,0.0,10,1500,1017,32.875,200.08333333333334,9.270833333333334,4.316666666666666,86.91666666666667,19.691666666666666,46.479166666666664,65.62763929166667
2024-01-05,23,21,21.75,60,45.0,18,10.799999999999999,0.0,10,1500,1017,5.75,309.0833333333333,25.420833333333334,12.220833333333333,77.91666666666667,26.054166666666664,51.237500000000004,52.790759083333334
2024-01-06,23,21,22.0,60,45.0,23,13.799999999999999,0.0,10,1500,1017,2.125,322.2916666666667,25.1375,11.070833333333333,86.58333333333333,25.037499999999998,46.300000000000004,62.51166758333333
2024-01-07,23,21,21.75,58,43.5,17,10.2,0.0,10,1500,1018,0.375,358.875,36.958333333333336,15.808333333333335,66.66666666666667,23.3875,45.012499999999996,43.87069691666667
2024-01-08,26,20,22.5,62,46.5,21,12.6,0.0,10,1500,1022,1.0,543.9583333333334,63.416666666666664,28.304166666666664,40.416666666666664,39.44166666666667,73.3,66.49333254166667
2024-01-09,23,21,22.0,49,36.75,16,9.6,0.0,10,1500,1021,0.0,442.5833333333333,42.4875,19.8125,65.70833333333333,37.90833333333333,66.39583333333333,73.72986220833333
2024-01-10,23,20,21.0,52,39.0,13,7.8,0.0,10,1500,1021,13.875,489.4166666666667,47.30416666666667,24.333333333333332,65.91666666666667,33.68333333333333,58.75833333333333,67.090276375
2024-01-11,22,19,20.5,56,42.0,14,8.4,0.0,10,1500,1019,1.25,486.5,49.354166666666664,23.079166666666666,64.41666666666667,28.90416666666667,48.98333333333333,64.09527729166666
2024-01-12,23,18,20.75,61,45.75,16,9.6,0.0,10,1500,1018,4.625,507.75,52.00416666666666,23.016666666666666,55.333333333333336,30.40416666666667,51.3375,63.29749808333333
2024-01-13,23,19,21.25,55,41.25,12,7.199999999999999,0.0,10,1500,1018,1.375,549.7083333333334,57.604166666666664,23.775000000000002,45.291666666666664,32.3375,58.9,65.21930725
2024-01-14,24,20,21.75,57,42.75,12,7.199999999999999,0.0,10,1500,1018,3.0,742.7083333333334,76.13333333333334,32.225,31.666666666666668,44.90833333333333,100.60000000000001,72.28576358333333
2024-01-15,25,21,22.75,51,38.25,14,8.4,0.0,10,1500,1018,0.25,583.5,58.48333333333333,21.650000000000002,57.166666666666664,41.0,81.5625,79.18673629166666
2024-01-16,24,22,22.75,75,56.25,27,16.2,0.0,10,1500,1017,2.25,333.4166666666667,24.075,11.804166666666667,100.41666666666667,30.28333333333333,72.27499999999999,67.65472125000001
2024-01-17,23,21,22.75,59,44.25,39,23.4,0.0,10,1500,1015,1.625,221.25,11.133333333333333,5.241666666666666,100.83333333333333,19.183333333333334,43.0,63.99895783333333
2024-01-18,23,20,21.0,59,44.25,18,10.799999999999999,0.0,10,1500,1016,2.25,291.2916666666667,21.212500000000002,9.970833333333333,97.0,23.150000000000002,45.833333333333336,47.94027675
2024-01-19,23,21,21.75,66,49.5,27,16.2,0.0,10,1500,1018,10.75,259.125,17.666666666666668,7.4750000000000005,91.5,21.829166666666666,40.545833333333334,51.62916754166667
2024-01-20,23,19,21.0,60,45.0,13,7.8,0.0,10,1500,1020,0.0,444.3333333333333,34.31666666666667,17.995833333333334,77.70833333333333,28.491666666666664,57.47083333333333,57.22819545833334
2024-01-21,23,21,21.75,65,48.75,23,13.799999999999999,0.0,10,1500,1020,3.25,335.4583333333333,22.15833333333333,10.233333333333333,98.25,28.325,59.94166666666666,63.19069420833333
2024-01-22,23,20,21.5,60,45.0,15,9.0,0.0,10,1500,1020,0.0,404.5,31.758333333333336,15.612499999999999,88.75,28.616666666666664,55.5625,63.102986875
2024-01-23,23,20,21.0,61,45.75,15,9.0,0.0,10,1500,1020,0.0,558.25,45.00833333333333,24.1375,74.79166666666667,34.11666666666667,61.458333333333336,66.46527545833334
2024-01-24,23,19,20.75,65,48.75,14,8.4,0.0,10,1500,1019,0.0,585.4166666666666,50.041666666666664,23.0625,63.291666666666664,32.670833333333334,51.26666666666667,64.81180683333334
2024-01-25,24,20,21.75,40,30.0,15,9.0,0.0,10,1500,1018,1.0,602.75,62.12083333333334,23.491666666666664,46.541666666666664,42.47083333333333,67.21666666666667,70.430554875
2024-01-26,27,21,23.0,37,27.75,14,8.4,0.0,10,1500,1016,6.5,620.6666666666666,77.34583333333333,25.849999999999998,31.333333333333332,48.487500000000004,78.80833333333334,76.381252
2024-01-27,26,21,23.25,60,45.0,32,19.2,0.0,10,1500,1017,7.75,400.375,47.6625,13.612499999999999,33.833333333333336,43.85833333333333,125.45416666666667,82.91326525
2024-01-28,23,22,22.5,78,58.5,27,16.2,0.6,11,1650,1018,29.625,299.0833333333333,25.45,9.7875,76.25,34.55833333333333,93.86666666666667,86.22013695833334
2024-01-29,23,20,21.5,54,40.5,26,15.6,0.0,8,1200,1019,31.75,261.25,18.629166666666666,8.654166666666667,87.0,17.066666666666666,49.76666666666667,66.197638625
2024-01-30,24,21,22.0,66,49.5,17,10.2,0.0,10,1500,1018,27.5,496.2083333333333,51.8375,21.708333333333332,52.666666666666664,32.579166666666666,83.91250000000001,62.15263854166667
2024-01-31,25,21,22.5,69,51.75,11,6.6,0.0,10,1500,1018,26.25,655.9583333333334,66.10000000000001,26.804166666666664,35.25,57.49166666666667,211.3166666666667,99.26784725
2024-02-01,23,21,22.0,75,56.25,18,10.799999999999999,1.2,5,750,1016,69.0,355.875,38.916666666666664,16.1875,38.25,63.07083333333333,286.08750000000003,131.16472520833335
2024-02-02,23,20,21.75,84,63.0,31,18.599999999999998,0.7,7,1050,1016,72.75,278.25,17.712500000000002,8.862499999999999,72.83333333333333,44.324999999999996,143.04583333333332,145.72687787499999
2024-02-03,20,19,19.5,57,42.75,36,21.599999999999998,0.0,11,1650,1020,20.375,223.5,8.775,4.429166666666666,99.04166666666667,14.420833333333334,28.383333333333336,60.300312
2024-02-04,21,19,19.75,54,40.5,35,21.0,0.0,11,1650,1021,3.5,225.16666666666666,9.208333333333334,4.766666666666667,99.70833333333333,15.799999999999999,34.229166666666664,40.56111120833334
2024-02-05,22,20,20.75,53,39.75,37,22.2,0.0,11,1650,1020,7.0,231.45833333333334,11.275,5.466666666666666,99.08333333333333,17.933333333333334,50.67916666666667,43.502085916666665
2024-02-06,22,20,21.0,54,40.5,39,23.4,0.0,11,1650,1020,6.875,230.91666666666666,10.220833333333333,5.5125,108.79166666666667,17.991666666666667,55.1,64.22236066666666
2024-02-07,21,19,20.0,55,41.25,27,16.2,0.0,12,1800,1022,0.0,252.66666666666666,12.091666666666667,5.833333333333333,103.04166666666667,17.066666666666666,41.449999999999996,50.36791575
2024-02-08,21,19,20.0,58,43.5,27,16.2,0.0,12,1800,1023,20.0,244.04166666666666,13.549999999999999,6.608333333333333,95.625,18.633333333333333,45.270833333333336,46.79791666666667
2024-02-09,21,19,19.75,60,45.0,20,12.0,0.0,9,1350,1021,18.875,271.4166666666667,19.129166666666666,8.104166666666666,79.95833333333333,18.933333333333334,39.858333333333334,45.834029541666666
2024-02-10,21,18,19.5,60,45.0,9,5.3999999999999995,0.0,10,1500,1021,26.5,478.875,42.25,23.3,65.45833333333333,27.504166666666666,51.65416666666667,54.216179875
2024-02-11,23,18,20.5,69,51.75,15,9.0,0.0,10,1500,1020,20.0,400.7916666666667,54.949999999999996,20.954166666666666,40.166666666666664,44.14166666666667,130.08333333333334,73.70618145833333
2024-02-12,20,18,19.0,86,64.5,17,10.2,1.8,4,600,1019,57.0,308.7083333333333,39.6625,15.683333333333332,42.666666666666664,18.916666666666668,43.416666666666664,77.416877125
2024-02-13,25,19,21.5,71,53.25,26,15.6,0.0,12,1800,1019,7.625,363.4583333333333,45.56666666666666,20.020833333333332,42.875,22.791666666666668,43.39166666666667,51.443401625
2024-02-14,27,20,23.25,78,58.5,23,13.799999999999999,0.0,12,1800,1019,13.75,324.25,39.641666666666666,13.483333333333334,54.666666666666664,20.733333333333334,42.125,40.68021170833333
2024-02-15,27,21,23.25,80,60.0,17,10.2,0.0,12,1800,1019,0.625,520.125,70.95833333333333,20.541666666666668,43.625,46.49583333333334,91.98333333333333,63.85493654166667
2024-02-16,27,22,24.0,75,56.25,16,9.6,0.0,12,1800,1018,7.875,507.1666666666667,63.29583333333333,20.458333333333332,45.541666666666664,45.237500000000004,96.24166666666667,76.54513841666666
2024-02-17,27,23,24.5,69,51.75,20,12.0,0.0,12,1800,1016,6.375,432.0833333333333,45.237500000000004,14.945833333333333,39.5,42.22083333333334,102.59166666666665,80.533614125
2024-02-18,24,21,22.25,91,68.25,38,22.8,0.0,12,1800,1014,8.125,254.375,14.741666666666667,6.795833333333333,92.20833333333333,23.695833333333336,58.82916666666667,76.57624916666667
2024-02-19,22,20,20.75,57,42.75,35,21.0,0.0,12,1800,1015,0.0,245.29166666666666,11.379166666666668,5.995833333333334,107.95833333333333,20.683333333333334,52.729166666666664,56.74777495833334
2024-02-20,23,20,21.0,58,43.5,33,19.8,0.0,12,1800,1016,7.625,283.5833333333333,15.933333333333332,8.3375,105.91666666666667,18.037499999999998,40.0625,54.77368070833333
2024-02-21,23,21,21.5,58,43.5,33,19.8,0.0,12,1800,1017,2.0,248.95833333333334,12.5375,6.0874999999999995,110.16666666666667,22.375,48.6,52.498042125000005
2024-02-22,23,20,21.0,62,46.5,18,10.799999999999999,0.0,12,1800,1019,1.125,310.25,22.962500000000002,11.670833333333334,100.45833333333333,25.016666666666666,52.48333333333333,59.607153708333335
2024-02-23,23,20,21.0,60,45.0,19,11.4,0.0,12,1800,1019,0.25,475.3333333333333,36.62083333333333,19.645833333333332,78.75,26.983333333333334,46.979166666666664,62.975554249999995
2024-02-24,23,20,21.75,76,57.0,18,10.799999999999999,0.0,12,1800,1017,4.0,502.1666666666667,44.0375,17.883333333333333,84.33333333333333,30.52916666666667,72.34583333333333,61.27048366666667
2024-02-25,27,22,23.75,60,45.0,9,5.3999999999999995,0.0,12,1800,1013,14.75,674.4583333333334,79.19583333333334,30.308333333333334,42.375,55.824999999999996,159.18333333333334,87.08840345833333
2024-02-26,24,21,21.5,83,62.25,30,18.0,0.0,8,1200,1013,60.625,250.83333333333334,12.070833333333333,7.3500000000000005,98.95833333333333,34.516666666666666,84.71249999999999,92.76882024999999
2024-02-27,22,20,20.75,61,45.75,16,9.6,0.0,12,1800,1016,27.25,309.5,24.833333333333332,12.395833333333334,88.20833333333333,28.5,57.94583333333333,66.103819875
2024-02-28,22,18,20.5,60,45.0,15,9.0,0.0,12,1800,1015,12.75,621.2083333333334,54.324999999999996,33.94583333333333,56.208333333333336,34.05833333333333,68.625,66.60333466666667
2024-02-29,22,19,21.25,59,44.25,30,18.0,0.0,12,1800,1015,26.625,239.41666666666666,11.450000000000001,7.008333333333334,106.54166666666667,29.087500000000002,93.5625,75.39736125
2024-03-01,21,18,19.25,52,39.0,35,21.0,0.0,12,1800,1019,0.0,264.7083333333333,15.762500000000001,7.708333333333333,104.20833333333333,22.083333333333332,53.604166666666664,65.72555608333333
2024-03-02,21,18,19.5,45,33.75,23,13.799999999999999,0.0,12,1800,1020,9.375,366.25,34.104166666666664,16.741666666666667,73.91666666666667,33.108333333333334,87.4375,70.19507070833333
2024-03-03,21,17,18.75,56,42.0,14,8.4,0.0,12,1800,1018,0.0,413.125,41.829166666666666,19.783333333333335,73.04166666666667,26.474999999999998,56.40416666666667,68.53791650000001
2024-03-04,25,19,21.5,59,44.25,19,11.4,0.0,12,1800,1015,14.875,405.5833333333333,47.36666666666667,16.858333333333334,59.833333333333336,36.00833333333333,107.325,69.27770883333334
2024-03-05,24,21,22.0,73,54.75,22,13.2,3.3,8,1200,1016,48.5,422.75,41.483333333333334,16.900000000000002,61.333333333333336,52.90833333333333,207.025,104.92930395833334
2024-03-06,22,20,20.75,68,51.0,20,12.0,0.0,12,1800,1017,1.25,371.8333333333333,27.96666666666667,15.5375,98.58333333333333,46.57916666666667,153.54999999999998,113.40215454166666
2024-03-07,24,19,21.5,58,43.5,12,7.199999999999999,0.0,12,1800,1016,6.875,643.5416666666666,61.89166666666667,31.2625,66.20833333333333,42.9125,93.11666666666667,90.03153025
2024-03-08,27,21,23.5,52,39.0,14,8.4,0.0,12,1800,1015,7.25,633.0833333333334,74.30416666666666,24.462500000000002,63.916666666666664,64.50416666666666,140.95833333333334,84.00520554166667
2024-03-09,25,22,22.75,78,58.5,24,14.399999999999999,5.2,7,1050,1015,58.875,375.5,49.637499999999996,21.483333333333334,25.375,24.65833333333333,55.04583333333333,83.60729204166667
2024-03-10,24,21,22.25,87,65.25,18,10.799999999999999,0.9,12,1800,1016,27.75,615.875,63.00416666666666,33.233333333333334,27.916666666666668,30.141666666666666,47.92083333333333,63.27083545833333
2024-03-11,25,21,22.75,57,42.75,14,8.4,0.0,12,1800,1018,0.375,1012.75,98.22916666666667,44.9625,23.458333333333332,45.27916666666667,88.14999999999999,64.42097145833334
2024-03-12,23,22,22.5,69,51.75,27,16.2,0.0,12,1800,1019,7.125,308.9583333333333,24.504166666666666,10.137500000000001,91.375,37.104166666666664,99.5125,80.07701254166666
2024-03-13,25,20,22.25,69,51.75,14,8.4,0.0,12,1800,1021,0.625,599.6666666666666,63.2125,28.320833333333336,64.79166666666667,54.145833333333336,104.94166666666666,81.29312333333333
2024-03-14,25,21,23.0,66,49.5,15,9.0,0.0,12,1800,1020,8.375,509.25,64.90416666666667,24.77916666666667,85.41666666666667,58.68333333333334,116.6875,86.46430645833334
2024-03-15,25,22,23.5,65,48.75,12,7.199999999999999,0.0,12,1800,1018,9.375,617.2916666666666,84.90833333333333,26.670833333333334,47.958333333333336,63.77916666666667,117.95416666666667,87.035138125
2024-03-16,28,23,25.0,52,39.0,15,9.0,0.0,12,1800,1016,7.0,872.25,113.35833333333333,34.387499999999996,64.58333333333333,81.325,137.65,98.36569541666667
2024-03-17,29,25,26.75,48,36.0,15,9.0,0.0,12,1800,1015,14.375,645.75,65.9375,23.204166666666666,102.95833333333333,59.87916666666666,146.70833333333334,100.08360779166667
2024-03-18,28,23,25.0,71,53.25,18,10.799999999999999,0.0,9,1350,1015,29.375,525.4583333333334,54.875,21.283333333333335,61.833333333333336,57.07916666666667,131.32916666666668,97.37895708333333
2024-03-19,31,24,26.75,61,45.75,22,13.2,0.0,12,1800,1013,10.75,666.0,89.6125,26.995833333333334,55.958333333333336,72.15833333333333,145.15,97.40603729166666
2024-03-20,28,25,27.0,57,42.75,16,9.6,0.0,12,1800,1014,10.875,414.2916666666667,44.84166666666667,14.783333333333333,76.41666666666667,54.15,136.39583333333334,92.58305320833334
2024-03-21,25,22,23.75,73,54.75,23,13.799999999999999,0.0,12,1800,1015,2.875,345.375,24.016666666666666,13.475,101.5,37.1625,94.06666666666666,89.50722279166666
2024-03-22,25,21,22.75,67,50.25,18,10.799999999999999,0.0,12,1800,1012,10.875,645.4166666666666,70.60833333333333,25.541666666666668,66.625,53.34583333333333,92.44583333333333,75.37506891666666
2024-03-23,27,24,25.25,67,50.25,13,7.8,0.0,12,1800,1012,17.125,541.25,66.325,22.837500000000002,40.541666666666664,55.15833333333333,139.25833333333333,88.80499787500001
2024-03-24,28,24,26.0,64,48.0,21,12.6,0.0,11,1650,1012,27.0,414.9166666666667,56.17083333333333,18.370833333333334,35.875,43.300000000000004,113.5125,91.07145874999999
2024-03-25,29,26,28.0,56,42.0,28,16.8,0.0,11,1650,1013,43.5,413.125,43.824999999999996,14.104166666666666,43.083333333333336,55.03333333333333,232.51250000000002,97.41173666666667
2024-03-26,26,22,24.25,74,55.5,32,19.2,0.0,11,1650,1016,20.625,251.95833333333334,13.354166666666666,8.0375,108.875,39.862500000000004,133.73333333333332,134.25325895833333
2024-03-27,23,21,22.25,54,40.5,33,19.8,0.0,11,1650,1018,37.125,230.58333333333334,10.987499999999999,6.329166666666667,124.16666666666667,28.7375,90.89166666666667,74.78743200000001
2024-03-28,24,21,22.5,64,48.0,33,19.8,0.0,12,1800,1017,3.5,245.29166666666666,12.029166666666667,8.129166666666666,130.29166666666666,29.954166666666666,106.20833333333333,80.478195875
2024-03-29,25,22,23.25,64,48.0,33,19.8,0.0,12,1800,1013,5.5,248.29166666666666,14.858333333333334,7.908333333333334,118.20833333333333,37.40416666666667,122.4375,85.50201320833334
2024-03-30,28,20,24.0,73,54.75,15,9.0,0.0,12,1800,1016,9.25,499.3333333333333,41.25833333333333,22.84166666666667,86.75,39.6625,91.43333333333334,84.67777608333334
2024-03-31,27,24,25.0,46,34.5,17,10.2,0.0,12,1800,1017,11.375,471.25,38.729166666666664,19.316666666666666,107.625,42.78333333333333,87.5625,75.36507070833333
2024-04-01,26,23,24.25,70,52.5,20,12.0,0.0,12,1800,1016,24.875,429.25,24.6375,14.733333333333334,161.66666666666666,30.212500000000002,55.65,71.55657775
2024-04-02,26,23,24.25,69,51.75,21,12.6,0.0,12,1800,1013,10.625,404.5,26.858333333333334,25.179166666666664,137.875,38.13333333333333,85.075,65.96093995833333
2024-04-03,26,23,24.25,59,44.25,19,11.4,0.0,12,1800,1013,19.25,499.8333333333333,34.083333333333336,25.40833333333333,148.08333333333334,48.31666666666666,106.47916666666667,83.539654625
2024-04-04,26,23,24.25,60,45.0,18,10.799999999999999,0.0,11,1650,1014,25.25,560.0416666666666,29.84166666666667,20.629166666666666,161.625,51.23333333333333,118.95,80.73562575
2024-04-05,27,23,24.75,57,42.75,19,11.4,0.0,12,1800,1014,0.0,477.7916666666667,28.795833333333334,21.8875,158.125,42.78333333333333,86.69583333333333,83.07812541666667
2024-04-06,27,22,24.5,56,42.0,17,10.2,0.0,12,1800,1013,0.0,471.1666666666667,34.55416666666667,24.295833333333334,133.875,45.17083333333333,89.84166666666665,74.862898375
2024-04-07,29,23,25.5,54,40.5,18,10.799999999999999,0.0,12,1800,1011,5.0,619.3333333333334,63.18333333333334,31.491666666666664,76.91666666666667,58.583333333333336,100.0625,80.61999508333334
2024-04-08,31,25,27.5,48,36.0,14,8.4,0.0,12,1800,1011,19.375,702.8333333333334,102.39999999999999,33.69166666666667,70.16666666666667,72.925,124.8125,95.12639245833333
2024-04-09,28,26,26.75,57,42.75,27,16.2,0.0,11,1650,1012,40.375,321.1666666666667,28.916666666666668,13.020833333333334,96.54166666666667,46.13333333333333,150.15416666666667,96.74090454166667
2024-04-10,29,25,26.75,63,47.25,19,11.4,0.0,9,1350,1011,22.625,305.2083333333333,25.416666666666668,12.254166666666668,97.41666666666667,31.67916666666667,83.16666666666667,84.70604554166667
2024-04-11,30,25,27.0,64,48.0,17,10.2,0.0,12,1800,1011,9.375,354.5416666666667,37.237500000000004,13.708333333333334,77.20833333333333,54.083333333333336,162.59166666666667,92.8066665
2024-04-12,28,26,26.75,64,48.0,17,10.2,0.1,11,1650,1009,26.5,384.2916666666667,35.358333333333334,15.4375,84.25,43.59166666666667,140.4,102.67347616666666
2024-04-13,28,24,26.0,62,46.5,28,16.8,0.0,13,1950,1009,10.625,325.0833333333333,22.254166666666666,13.029166666666667,119.08333333333333,24.854166666666668,79.02083333333333,80.55361195833333
2024-04-14,27,24,25.75,59,44.25,20,12.0,0.0,13,1950,1010,15.125,361.125,25.445833333333336,16.7625,129.625,23.662499999999998,88.39166666666667,68.83977308333333
2024-04-15,30,23,27.0,47,35.25,26,15.6,3.0,12,1800,1012,24.875,520.4583333333334,53.63333333333333,25.416666666666668,79.125,44.737500000000004,151.875,87.90791408333332
2024-04-16,24,20,21.25,92,69.0,41,24.599999999999998,29.5,2,300,1012,92.375,245.33333333333334,27.629166666666666,10.145833333333334,42.541666666666664,25.191666666666666,102.82916666666667,96.45930308333334
2024-04-17,25,21,23.75,82,61.5,23,13.799999999999999,4.4,9,1350,1010,54.0,252.41666666666666,19.3625,9.366666666666667,84.08333333333333,20.995833333333334,54.55416666666667,66.57506891666667
2024-04-18,26,23,24.25,74,55.5,15,9.0,0.0,13,1950,1012,21.0,464.375,42.737500000000004,21.016666666666666,110.95833333333333,58.862500000000004,172.08333333333334,88.61985837499999
2024-04-19,28,24,26.0,59,44.25,17,10.2,0.0,13,1950,1011,0.0,640.75,55.395833333333336,29.108333333333334,85.20833333333333,54.2125,126.8875,101.80617866666667
2024-04-20,28,25,26.25,54,40.5,17,10.2,0.0,13,1950,1010,0.0,740.6666666666666,67.97083333333333,29.579166666666666,81.08333333333333,48.512499999999996,83.20833333333333,84.403542875
2024-04-21,29,24,26.5,55,41.25,17,10.2,0.0,13,1950,1009,0.0,695.25,71.39999999999999,31.041666666666668,123.79166666666667,59.9125,100.21666666666665,81.542979125
2024-04-22,31,26,28.0,50,37.5,18,10.799999999999999,0.0,13,1950,1010,3.625,659.5416666666666,83.0,27.4375,125.20833333333333,74.33749999999999,116.45,96.85958358333333
2024-04-23,32,26,29.25,56,42.0,19,11.4,0.0,13,1950,1008,3.625,440.0,36.475,13.608333333333334,135.45833333333334,40.18333333333333,85.27916666666667,85.50166625000001
2024-04-24,28,25,26.25,68,51.0,24,14.399999999999999,0.0,13,1950,1007,0.875,419.7083333333333,28.383333333333336,17.875,143.29166666666666,54.362500000000004,198.5625,87.53715454166667
2024-04-25,30,26,27.5,44,33.0,14,8.4,0.0,13,1950,1007,0.25,479.9583333333333,51.42916666666667,24.9875,116.58333333333333,50.270833333333336,130.23749999999998,117.43826666666666
2024-04-26,30,26,28.0,57,42.75,25,15.0,0.0,13,1950,1008,0.0,426.7916666666667,54.11666666666667,17.7375,72.54166666666667,47.21666666666667,98.74583333333334,81.70826425
2024-04-27,31,26,28.5,61,45.75,20,12.0,0.0,13,1950,1009,1.75,470.5833333333333,53.59583333333333,20.474999999999998,97.83333333333333,47.458333333333336,95.35833333333333,80.95485891666667
2024-04-28,32,27,29.5,52,39.0,24,14.399999999999999,0.0,13,1950,1010,8.75,318.9583333333333,37.475,12.895833333333334,65.0,38.137499999999996,131.0375,85.61159804166665
2024-04-29,33,27,30.25,51,38.25,22,13.2,0.0,11,1650,1012,23.625,345.2916666666667,41.25,13.183333333333332,75.25,43.9375,152.95000000000002,94.65771091666666
2024-04-30,33,28,29.75,52,39.0,20,12.0,0.0,13,1950,1011,7.25,384.125,47.62916666666666,15.466666666666667,61.0,46.074999999999996,131.4625,98.42375112500001
2024-05-01,32,26,28.5,66,49.5,38,22.8,1.2,9,1350,1008,38.125,341.5416666666667,31.675,12.445833333333333,65.625,44.12083333333334,131.22083333333333,91.65847358333333
2024-05-02,29,23,25.75,86,64.5,37,22.2,0.8,7,1050,1010,43.125,398.6666666666667,42.44166666666667,18.091666666666665,40.375,30.925,79.875,82.83576391666666
2024-05-03,30,25,27.25,69,51.75,23,13.799999999999999,0.2,11,1650,1008,28.0,514.2083333333334,51.40416666666667,23.641666666666666,36.833333333333336,44.987500000000004,132.39583333333334,83.66597312500001
2024-05-04,33,28,30.0,50,37.5,15,9.0,0.0,13,1950,1008,6.375,607.0416666666666,78.72083333333333,23.354166666666668,46.0,61.73333333333333,126.77083333333333,86.64694295833334
2024-05-05,31,28,29.75,60,45.0,18,10.799999999999999,0.0,13,1950,1009,2.5,628.3333333333334,77.425,25.616666666666664,116.70833333333333,64.0,125.05,98.38500041666667
2024-05-06,32,27,29.0,60,45.0,19,11.4,0.0,13,1950,1009,0.0,677.9166666666666,82.9375,34.795833333333334,96.83333333333333,49.9,97.38333333333333,83.03680775
2024-05-07,32,29,30.75,38,28.5,17,10.2,0.0,13,1950,1009,3.0,567.0833333333334,76.65833333333333,26.079166666666666,103.95833333333333,57.01666666666667,97.1875,85.95777791666666
2024-05-08,35,29,31.25,57,42.75,24,14.399999999999999,0.0,13,1950,1008,3.5,444.7083333333333,51.291666666666664,20.320833333333333,112.91666666666667,48.85833333333333,132.02916666666667,86.71138745833333
2024-05-09,32,28,29.75,71,53.25,23,13.799999999999999,0.0,13,1950,1008,4.5,335.625,24.041666666666668,11.458333333333334,138.125,31.84583333333333,84.16250000000001,85.15784779166667
2024-05-10,29,26,27.5,57,42.75,24,14.399999999999999,0.0,13,1950,1010,0.0,312.2083333333333,20.570833333333333,10.695833333333333,148.70833333333334,29.695833333333336,66.61666666666666,67.84748054166667
2024-05-11,31,26,28.0,48,36.0,15,9.0,0.0,13,1950,1010,5.0,459.6666666666667,36.99166666666667,18.675,118.41666666666667,29.46666666666667,56.5625,65.372847
2024-05-12,34,28,30.5,57,42.75,23,13.799999999999999,0.0,13,1950,1009,5.125,566.4583333333334,61.74583333333334,23.8125,118.95833333333333,46.854166666666664,110.53750000000001,73.13456358333333
2024-05-13,35,30,32.0,41,30.75,22,13.2,0.0,13,1950,1008,0.0,411.8333333333333,40.09583333333333,16.804166666666667,120.25,42.61666666666667,101.64999999999999,83.74416504166668
2024-05-14,35,31,32.5,43,32.25,27,16.2,0.0,13,1950,1008,0.25,326.6666666666667,39.63333333333333,12.866666666666667,78.04166666666667,29.3,70.20416666666667,74.36277641666668
2024-05-15,35,31,32.5,42,31.5,19,11.4,0.0,13,1950,1009,0.5,321.1666666666667,36.983333333333334,12.512500000000001,63.5,28.516666666666666,71.12083333333334,66.97930604166667
2024-05-16,35,31,32.5,41,30.75,19,11.4,0.0,13,1950,1010,2.0,363.2916666666667,40.94583333333333,14.987499999999999,76.83333333333333,33.1625,78.85833333333333,71.66278016666666
2024-05-17,34,31,32.25,43,32.25,18,10.799999999999999,0.0,13,1950,1008,0.75,436.8333333333333,47.24166666666667,18.8375,83.75,35.31666666666667,70.05,70.36965175
2024-05-18,33,30,31.75,46,34.5,22,13.2,0.0,13,1950,1008,0.5,438.375,41.06666666666667,18.125,100.29166666666667,32.19166666666667,72.11666666666666,67.55730620833333
2024-05-19,32,28,29.75,67,50.25,25,15.0,0.0,13,1950,1006,0.25,329.125,22.004166666666666,12.791666666666666,118.70833333333333,30.770833333333332,117.87083333333334,76.51284725000001
2024-05-20,32,27,29.5,66,49.5,21,12.6,0.0,13,1950,1006,0.25,342.1666666666667,24.604166666666668,13.758333333333333,115.5,28.370833333333334,79.37083333333334,78.38333245833333
2024-05-21,32,28,29.75,64,48.0,20,12.0,0.0,13,1950,1007,3.75,462.75,36.35,19.791666666666668,104.75,35.045833333333334,94.32083333333333,78.64111058333333
2024-05-22,33,29,31.0,50,37.5,18,10.799999999999999,0.0,13,1950,1005,0.375,574.1666666666666,46.05833333333334,20.383333333333333,114.75,40.28333333333333,92.5125,75.56224120833333
2024-05-23,34,30,31.75,48,36.0,27,16.2,0.0,14,2100,1003,0.375,414.875,27.95,14.274999999999999,149.70833333333334,39.43333333333333,121.63333333333333,83.47167225
2024-05-24,33,30,31.0,61,45.75,31,18.599999999999998,0.0,14,2100,1002,0.0,259.125,15.15,8.116666666666667,137.625,27.566666666666666,71.35833333333333,79.17124941666667
2024-05-25,34,29,31.25,68,51.0,21,12.6,0.0,14,2100,1002,0.0,360.0416666666667,26.175,13.958333333333334,146.75,32.395833333333336,72.45416666666667,68.53043891666667
2024-05-26,35,29,32.25,64,48.0,15,9.0,0.0,14,2100,1003,0.0,484.125,40.858333333333334,18.566666666666666,122.41666666666667,41.3125,82.10416666666667,74.21274154166666
2024-05-27,36,31,33.0,51,38.25,18,10.799999999999999,0.0,14,2100,1003,0.0,405.6666666666667,30.954166666666666,15.345833333333333,144.58333333333334,38.875,90.0125,75.75601941666666
2024-05-28,35,30,32.0,65,48.75,24,14.399999999999999,0.0,14,2100,1004,0.0,393.9583333333333,33.43333333333333,16.825,118.0,26.22083333333333,51.24583333333334,67.03018483333334
2024-05-29,36,30,32.25,61,45.75,19,11.4,0.0,14,2100,1002,0.0,417.125,36.645833333333336,17.604166666666668,117.66666666666667,29.287499999999998,59.39166666666667,64.52075845833333
2024-05-30,37,29,32.5,65,48.75,18,10.799999999999999,0.0,14,2100,1003,0.0,510.0416666666667,45.8375,21.583333333333332,118.66666666666667,41.175,75.65416666666667,70.64988283333334
2024-05-31,37,32,34.5,49,36.75,15,9.0,0.0,14,2100,1004,0.0,511.2916666666667,45.70416666666667,19.175,104.08333333333333,40.43333333333333,69.625,74.35749970833334
2024-06-01,39,32,34.25,48,36.0,21,12.6,0.0,14,2100,1004,0.0,543.25,41.69583333333333,20.616666666666667,130.70833333333334,39.27916666666667,68.23333333333333,70.18199358333334
2024-06-02,35,31,33.5,54,40.5,18,10.799999999999999,0.0,14,2100,1002,0.0,390.625,23.900000000000002,13.295833333333334,137.375,42.5,106.28333333333335,76.95312625
2024-06-03,36,30,32.5,64,48.0,21,12.6,0.0,14,2100,1002,0.0,402.1666666666667,31.8,18.35,129.375,32.5625,86.22083333333335,78.062291375
2024-06-04,36,30,32.5,74,55.5,19,11.4,0.0,14,2100,1003,0.0,448.9166666666667,32.954166666666666,19.054166666666667,142.58333333333334,38.512499999999996,106.13333333333333,79.69186441666666
2024-06-05,36,32,33.5,58,43.5,21,12.6,0.0,14,2100,1004,0.25,510.625,36.199999999999996,21.55,126.20833333333333,41.4125,93.74583333333334,77.4961825
2024-06-06,36,30,32.75,41,30.75,19,11.4,0.0,14,2100,1004,0.0,570.5,39.94166666666667,24.65833333333333,124.70833333333333,43.96666666666667,143.89583333333334,93.81687195833332
2024-06-07,37,31,33.25,47,35.25,26,15.6,0.0,14,2100,1004,0.0,617.25,48.40833333333333,26.1375,105.16666666666667,43.083333333333336,98.40416666666665,83.8052745
2024-06-08,37,32,33.75,51,38.25,23,13.799999999999999,0.0,14,2100,1002,0.0,564.375,51.375,28.608333333333334,96.91666666666667,42.608333333333334,129.35833333333332,82.84465166666666
2024-06-09,39,33,35.0,48,36.0,25,15.0,0.0,14,2100,1003,1.5,307.4166666666667,34.0375,14.070833333333333,82.0,45.0,182.6875,107.05618108333334
2024-06-10,37,33,34.75,47,35.25,22,13.2,0.0,14,2100,1004,0.0,434.875,38.40416666666667,18.520833333333332,125.375,52.19166666666666,167.50833333333333,105.64555579166667
2024-06-11,38,33,34.5,46,34.5,25,15.0,0.0,14,2100,1004,0.0,484.0,36.59166666666667,20.537499999999998,130.08333333333334,56.791666666666664,151.56666666666666,110.40819429166667
2024-06-12,36,32,34.0,48,36.0,23,13.799999999999999,0.0,14,2100,1003,2.375,568.375,31.11666666666667,19.275000000000002,163.83333333333334,55.925000000000004,117.69166666666666,87.63659687500001
2024-06-13,36,31,33.5,66,49.5,19,11.4,0.0,14,2100,1002,2.125,380.375,21.099999999999998,12.391666666666666,153.29166666666666,41.854166666666664,108.31666666666666,89.883751625
2024-06-14,35,32,33.0,53,39.75,27,16.2,0.0,14,2100,1000,0.0,377.4166666666667,20.658333333333335,18.591666666666665,166.66666666666666,44.012499999999996,185.9958333333333,88.20500016666666
2024-06-15,37,31,33.5,36,27.0,19,11.4,0.0,14,2100,1000,0.0,546.5416666666666,46.37916666666666,33.25416666666667,122.91666666666667,61.75,237.64583333333334,137.48327266666666
2024-06-16,39,32,35.0,40,30.0,24,14.399999999999999,0.0,14,2100,1001,0.0,429.4583333333333,41.25,18.787499999999998,141.75,46.375,105.63333333333333,107.711460875
2024-06-17,39,31,34.75,60,45.0,29,17.4,0.0,14,2100,1002,0.0,510.8333333333333,55.1,24.900000000000002,112.375,44.89166666666667,88.92083333333333,76.98078308333334
2024-06-18,39,32,34.75,52,39.0,19,11.4,0.0,14,2100,1002,0.0,521.375,42.020833333333336,23.683333333333334,135.95833333333334,40.887499999999996,77.27916666666667,76.00448408333334
2024-06-19,38,33,35.5,48,36.0,26,15.6,0.0,14,2100,1000,16.625,412.125,27.004166666666666,17.758333333333333,157.91666666666666,36.93333333333333,73.77499999999999,71.90032454166666
2024-06-20,38,33,35.25,49,36.75,14,8.4,0.0,14,2100,998,7.5,452.2916666666667,32.93333333333333,21.291666666666668,155.25,38.65416666666667,85.59166666666665,74.45754091666667
2024-06-21,40,33,36.25,40,30.0,23,13.799999999999999,0.0,14,2100,998,7.125,635.4583333333334,48.98333333333333,30.72083333333333,153.29166666666666,47.8375,102.59166666666665,81.32547620833334
2024-06-22,39,33,35.5,43,32.25,21,12.6,0.0,14,2100,997,8.125,599.6666666666666,54.61666666666667,27.525000000000002,130.16666666666666,54.541666666666664,107.62916666666666,83.19352125
2024-06-23,40,33,36.0,42,31.5,18,10.799999999999999,0.0,14,2100,999,10.5,461.6666666666667,48.77916666666667,20.3875,139.58333333333334,57.199999999999996,117.00416666666666,85.99611025
2024-06-24,39,33,35.75,48,36.0,22,13.2,0.0,14,2100,999,6.25,474.7083333333333,43.987500000000004,21.704166666666666,153.5,52.800000000000004,103.95833333333333,86.091321375
2024-06-25,39,32,34.75,51,38.25,22,13.2,0.0,14,2100,998,7.5,480.3333333333333,27.295833333333334,27.266666666666666,210.58333333333334,48.275,112.43333333333334,81.67382166666667
2024-06-26,37,32,34.75,53,39.75,23,13.799999999999999,0.0,14,2100,995,0.25,446.5416666666667,26.008333333333336,16.620833333333334,158.0,39.824999999999996,132.90833333333333,85.91069304166666
2024-06-27,38,33,35.0,45,33.75,19,11.4,0.0,14,2100,997,0.0,502.75,33.55416666666667,21.166666666666668,176.75,44.51666666666667,124.96249999999999,99.44486166666667
2024-06-28,38,32,34.75,43,32.25,24,14.399999999999999,0.0,14,2100,996,7.875,589.6666666666666,39.49583333333333,32.3125,202.66666666666666,47.94166666666666,148.74166666666667,93.41429433333333
2024-06-29,38,32,34.25,51,38.25,24,14.399999999999999,0.0,14,2100,996,15.125,494.5416666666667,37.1,25.575,148.45833333333334,43.887499999999996,137.35833333333332,97.81374362499999
2024-06-30,38,33,35.0,48,36.0,19,11.4,0.0,13,1950,997,35.5,498.25,32.020833333333336,24.420833333333334,168.20833333333334,61.21666666666667,228.4625,116.362501125
2024-07-01,36,31,33.25,52,39.0,24,14.399999999999999,0.0,14,2100,996,5.875,450.1666666666667,22.745833333333334,24.729166666666668,206.33333333333334,53.916666666666664,183.21666666666667,115.72124770833334
2024-07-02,37,31,33.5,50,37.5,22,13.2,0.0,14,2100,994,10.875,450.0,29.120833333333334,22.079166666666666,169.125,46.99583333333334,129.80416666666667,106.12027508333334
2024-07-03,38,31,34.25,51,38.25,19,11.4,0.0,14,2100,993,6.875,347.1666666666667,24.125,15.316666666666668,134.54166666666666,37.4625,102.07083333333333,85.29360929166667
2024-07-04,37,31,33.5,73,54.75,24,14.399999999999999,0.0,14,2100,996,2.625,239.08333333333334,14.720833333333333,9.491666666666667,146.20833333333334,35.00833333333333,119.14999999999999,81.51562416666667
2024-07-05,36,31,33.0,68,51.0,23,13.799999999999999,0.0,14,2100,996,1.875,301.375,23.183333333333334,15.487499999999999,142.5,51.791666666666664,197.32500000000002,107.54826475
2024-07-06,37,30,33.5,75,56.25,20,12.0,0.0,14,2100,995,6.25,435.7916666666667,39.25416666666667,26.479166666666668,137.45833333333334,52.395833333333336,163.04999999999998,106.264723625
2024-07-07,39,32,35.0,43,32.25,21,12.6,0.0,14,2100,995,10.875,665.125,53.51666666666667,37.574999999999996,134.875,69.675,266.87083333333334,125.69055591666667
2024-07-08,39,33,35.75,43,32.25,22,13.2,0.0,14,2100,996,6.375,596.9166666666666,47.37083333333334,29.358333333333334,166.25,64.47916666666667,187.54166666666666,141.13561958333335
2024-07-09,42,32,36.75,69,51.75,35,21.0,0.0,14,2100,997,5.25,320.5,36.84166666666667,15.029166666666667,110.45833333333333,46.93333333333334,157.72083333333333,103.37493004166667
2024-07-10,38,32,35.0,50,37.5,23,13.799999999999999,0.0,14,2100,1001,4.875,395.6666666666667,47.12916666666666,19.191666666666666,63.416666666666664,54.67083333333333,222.54999999999998,111.50555604166668
2024-07-11,38,33,34.75,58,43.5,21,12.6,0.0,14,2100,1001,1.375,469.7083333333333,38.55416666666667,20.345833333333335,119.0,67.75833333333334,233.51250000000002,131.42514166666666
2024-07-12,38,32,34.75,59,44.25,20,12.0,0.0,14,2100,997,10.375,519.3333333333334,30.420833333333334,21.066666666666666,156.95833333333334,55.35,155.025,125.10125058333334
2024-07-13,38,32,34.25,51,38.25,21,12.6,0.0,14,2100,996,9.125,543.375,34.84583333333333,26.754166666666666,192.41666666666666,52.9375,122.39166666666667,91.71347283333334
2024-07-14,39,32,34.75,47,35.25,19,11.4,0.0,14,2100,996,0.375,477.3333333333333,29.912499999999998,19.958333333333332,185.29166666666666,64.925,208.10833333333335,104.44381658333333
2024-07-15,37,31,34.0,70,52.5,20,12.0,0.0,14,2100,996,1.5,458.6666666666667,36.475,23.837500000000002,125.08333333333333,63.62916666666666,276.9875,134.23694683333335
2024-07-16,40,32,35.75,62,46.5,30,18.0,0.0,14,2100,997,2.75,623.375,36.92916666666667,21.2125,176.91666666666666,79.27916666666667,217.89583333333334,143.28576625
2024-07-17,38,33,35.0,53,39.75,21,12.6,0.0,14,2100,998,7.25,535.5833333333334,34.1625,24.479166666666668,154.58333333333334,71.28750000000001,197.30416666666667,123.98243029166667
2024-07-18,38,33,34.75,65,48.75,21,12.6,0.0,13,1950,997,35.625,456.1666666666667,25.795833333333334,18.8875,177.41666666666666,61.387499999999996,200.29999999999998,111.93319854166667
2024-07-19,37,32,33.75,65,48.75,24,14.399999999999999,0.0,14,2100,995,26.875,497.0833333333333,37.72083333333333,26.1375,145.16666666666666,67.93333333333334,247.0375,135.51340025
2024-07-20,37,32,34.0,67,50.25,19,11.4,0.0,14,2100,994,9.25,564.2916666666666,41.09166666666667,29.991666666666664,171.625,69.46666666666667,244.6833333333333,141.27284875
2024-07-21,40,33,35.5,67,50.25,22,13.2,0.0,14,2100,996,4.75,461.5,40.42916666666667,25.09583333333333,112.08333333333333,55.925000000000004,180.45833333333334,120.55145479166667
2024-07-22,38,33,34.75,71,53.25,24,14.399999999999999,0.0,14,2100,996,0.5,552.9583333333334,40.80833333333333,27.933333333333334,156.16666666666666,56.53333333333333,198.23333333333335,119.67888320833333
2024-07-23,37,32,34.0,69,51.75,18,10.799999999999999,0.0,14,2100,997,2.125,376.0833333333333,28.9375,18.2,136.625,39.65416666666667,164.95833333333334,108.88097629166667
2024-07-24,37,32,34.0,72,54.0,23,13.799999999999999,0.0,14,2100,996,0.0,424.8333333333333,21.383333333333336,16.704166666666666,173.875,47.854166666666664,162.05,101.63513920833333
2024-07-25,38,32,34.75,46,34.5,21,12.6,0.0,14,2100,993,1.25,510.2916666666667,21.65416666666667,16.025000000000002,197.625,62.73333333333333,201.01666666666665,117.03250458333333
2024-07-26,38,32,34.75,60,45.0,21,12.6,0.0,14,2100,995,0.875,472.7083333333333,26.02916666666667,15.950000000000001,163.83333333333334,47.8375,179.375,114.23346745833334
2024-07-27,38,32,34.5,54,40.5,21,12.6,0.0,14,2100,997,1.125,426.375,18.504166666666666,16.5625,191.875,64.99583333333334,216.74166666666667,123.809718625
2024-07-28,37,32,34.0,72,54.0,28,16.8,0.0,14,2100,996,18.25,246.91666666666666,15.204166666666666,11.070833333333333,126.58333333333333,41.112500000000004,159.34583333333333,114.70465670833333
2024-07-29,37,31,33.5,71,53.25,23,13.799999999999999,0.0,14,2100,993,7.125,300.7916666666667,23.108333333333334,15.983333333333334,139.25,65.5,257.3833333333333,128.67256545833334
2024-07-30,39,31,34.5,75,56.25,26,15.6,0.0,13,1950,995,33.0,525.7083333333334,37.9125,23.320833333333336,140.95833333333334,72.7,233.53333333333333,130.16076295833332
2024-07-31,40,34,36.25,53,39.75,22,13.2,0.0,14,2100,998,40.75,488.5833333333333,38.895833333333336,17.895833333333332,97.91666666666667,98.4375,361.7625,156.25166708333333
2024-08-01,38,33,35.5,51,38.25,19,11.4,0.0,13,1950,998,34.25,530.8333333333334,39.49583333333333,25.616666666666664,112.54166666666667,75.02083333333333,228.75833333333333,168.40082791666666
2024-08-02,38,32,34.25,66,49.5,21,12.6,0.0,14,2100,996,9.25,402.5416666666667,25.116666666666664,17.0125,159.08333333333334,51.29583333333333,190.20000000000002,118.34208554166666
2024-08-03,37,32,33.75,75,56.25,23,13.799999999999999,0.0,14,2100,995,14.875,383.25,30.27916666666667,18.154166666666665,131.54166666666666,45.583333333333336,165.23333333333332,109.87382166666667
2024-08-04,37,31,33.5,75,56.25,25,15.0,0.0,12,1800,997,17.875,314.7916666666667,23.258333333333336,15.525,138.58333333333334,53.32083333333333,245.5375,125.588609125
2024-08-05,39,32,34.5,73,54.75,39,23.4,0.0,13,1950,998,16.875,349.3333333333333,32.854166666666664,17.066666666666666,80.58333333333333,68.52916666666667,299.90416666666664,132.76166270833332
2024-08-06,38,32,34.75,64,48.0,23,13.799999999999999,0.0,14,2100,998,34.75,335.9166666666667,25.34583333333333,14.549999999999999,115.125,58.73333333333333,198.6875,154.02111066666666
2024-08-07,37,33,34.75,66,49.5,22,13.2,0.0,13,1950,998,25.0,534.0833333333334,42.625,28.3625,113.08333333333333,61.25,215.72916666666666,122.44986258333334
2024-08-08,38,32,34.5,71,53.25,24,14.399999999999999,0.0,13,1950,998,10.0,376.8333333333333,31.495833333333334,17.3,96.66666666666667,62.300000000000004,261.8208333333333,125.68430245833333
2024-08-09,39,32,35.25,70,52.5,31,18.599999999999998,0.0,13,1950,1000,11.125,272.1666666666667,23.566666666666666,11.737499999999999,75.58333333333333,58.99583333333334,314.62916666666666,163.01270958333333
2024-08-10,39,31,34.0,72,54.0,30,18.0,0.0,13,1950,1001,4.0,316.9166666666667,33.6,15.549999999999999,61.75,45.37916666666666,207.4625,147.14395958333333
2024-08-11,38,32,34.5,64,48.0,25,15.0,0.0,13,1950,999,14.625,359.75,35.483333333333334,18.754166666666666,74.45833333333333,40.50833333333333,136.86666666666667,109.00478829166667
2024-08-12,38,33,34.75,57,42.75,25,15.0,0.0,13,1950,998,3.375,443.4166666666667,45.49166666666667,23.5625,77.29166666666667,47.36666666666667,127.55833333333334,91.0136815
2024-08-13,38,34,35.5,62,46.5,22,13.2,0.0,13,1950,999,1.125,381.5416666666667,36.675000000000004,18.6375,101.25,44.94583333333333,177.19583333333333,100.36993075
2024-08-14,38,32,34.5,69,51.75,21,12.6,0.0,13,1950,1001,2.625,332.5,36.641666666666666,16.770833333333332,71.54166666666667,49.03333333333333,229.59166666666667,124.49833558333334
2024-08-15,38,33,35.5,59,44.25,19,11.4,0.0,13,1950,1001,0.375,415.2083333333333,37.47083333333333,20.466666666666665,75.91666666666667,53.69166666666666,238.7458333333333,134.57951708333334
2024-08-16,37,32,33.75,63,47.25,19,11.4,0.0,13,1950,999,1.5,675.0416666666666,56.0375,36.775,94.58333333333333,58.37916666666666,186.22083333333333,122.28854054166668
2024-08-17,39,31,34.5,75,56.25,28,16.8,0.0,13,1950,998,15.25,312.2083333333333,33.18333333333333,15.483333333333334,69.08333333333333,64.7,374.7625,145.87014479166666
2024-08-18,38,31,34.25,73,54.75,33,19.8,0.0,13,1950,1002,15.25,241.625,24.5625,11.387500000000001,66.54166666666667,57.37083333333334,335.82916666666665,191.29180958333333
2024-08-19,37,30,33.0,70,52.5,23,13.799999999999999,0.0,13,1950,1002,5.375,343.2083333333333,36.19583333333333,17.25,58.041666666666664,55.0875,273.8666666666667,158.44722083333332
2024-08-20,36,32,34.25,58,43.5,23,13.799999999999999,0.0,13,1950,1001,3.375,311.875,31.679166666666664,15.0,64.08333333333333,50.85,233.22916666666666,135.2812475
2024-08-21,37,31,33.25,66,49.5,26,15.6,0.0,13,1950,1003,4.5,262.9583333333333,27.09583333333333,12.741666666666667,61.875,42.420833333333334,217.125,143.25875375
2024-08-22,36,31,33.5,61,45.75,22,13.2,0.0,13,1950,1004,2.5,398.7083333333333,37.4625,19.658333333333335,56.5,45.86666666666667,216.57083333333333,119.20610991666666
2024-08-23,37,32,34.0,58,43.5,27,16.2,0.0,13,1950,1004,2.375,494.1666666666667,49.55416666666667,28.920833333333334,58.041666666666664,44.53333333333333,184.60416666666666,120.94701191666667
2024-08-24,37,32,33.75,62,46.5,24,14.399999999999999,0.0,13,1950,1003,2.375,510.625,54.09583333333333,28.02916666666667,73.41666666666667,51.074999999999996,165.48333333333332,111.10777791666668
2024-08-25,37,32,34.25,69,51.75,23,13.799999999999999,0.0,13,1950,1004,1.625,531.7916666666666,52.05833333333334,27.8125,74.375,51.84583333333333,141.62083333333334,101.80756854166667
2024-08-26,38,32,34.25,62,46.5,22,13.2,0.0,13,1950,1002,0.0,585.8333333333334,45.65416666666667,28.441666666666666,66.70833333333333,56.791666666666664,117.78333333333335,90.5762485
2024-08-27,38,31,34.0,66,49.5,24,14.399999999999999,0.0,13,1950,1000,0.0,541.9583333333334,46.262499999999996,28.141666666666666,99.66666666666667,74.91666666666667,141.4,92.35263670833332
2024-08-28,38,31,33.75,70,52.5,27,16.2,0.0,13,1950,1000,0.0,596.1666666666666,52.8125,30.191666666666666,108.16666666666667,83.125,143.80833333333334,105.86194258333335
2024-08-29,38,32,34.25,56,42.0,21,12.6,0.0,13,1950,999,1.125,597.0833333333334,38.42916666666667,21.816666666666666,145.33333333333334,78.29166666666667,153.77916666666667,102.992224625
2024-08-30,38,31,34.0,72,54.0,10,6.0,0.0,13,1950,999,8.75,522.0,32.47083333333333,19.233333333333334,142.66666666666666,64.75833333333334,186.975,110.47326604166666
2024-08-31,40,32,35.5,40,30.0,37,22.2,0.0,12,1800,1000,0.125,382.0416666666667,37.766666666666666,18.429166666666667,76.08333333333333,57.35833333333333,250.29166666666666,121.76166754166667
2024-09-01,39,30,34.25,56,42.0,28,16.8,0.0,12,1800,1003,4.0,299.0416666666667,32.295833333333334,14.420833333333334,68.75,59.78333333333333,284.8833333333333,156.55784416666668
2024-09-02,39,30,34.0,60,45.0,27,16.2,0.0,12,1800,1004,13.25,318.0833333333333,33.266666666666666,15.491666666666667,69.625,46.0,163.64583333333334,128.54743375
2024-09-03,40,31,34.75,53,39.75,24,14.399999999999999,0.0,12,1800,1003,0.75,367.7916666666667,39.375,16.433333333333334,80.125,45.40416666666667,150.03333333333333,99.74889016666667
2024-09-04,36,30,32.75,54,40.5,26,15.6,0.0,12,1800,1004,0.375,361.6666666666667,37.67916666666667,16.304166666666667,48.666666666666664,50.962500000000006,199.51250000000002,108.12097591666667
2024-09-05,37,30,32.75,58,43.5,26,15.6,0.0,12,1800,1003,0.0,460.1666666666667,41.079166666666666,21.441666666666666,79.33333333333333,50.145833333333336,142.93333333333334,109.67264029166667
2024-09-06,36,30,32.25,54,40.5,21,12.6,0.0,12,1800,1003,0.0,640.7083333333334,49.025,29.016666666666666,97.16666666666667,75.32083333333334,213.39583333333334,106.37090291666668
2024-09-07,37,30,32.75,57,42.75,26,15.6,0.0,12,1800,1004,0.375,600.3333333333334,55.65416666666667,35.291666666666664,113.16666666666667,75.45,212.96666666666667,133.19798583333332
2024-09-08,38,31,33.5,55,41.25,26,15.6,0.0,12,1800,1005,0.0,434.7916666666667,38.145833333333336,20.629166666666666,116.16666666666667,61.70416666666667,202.75833333333333,119.82562758333334
2024-09-09,36,30,32.25,63,47.25,20,12.0,0.0,12,1800,1005,0.0,490.0,40.020833333333336,24.53333333333333,108.41666666666667,56.050000000000004,143.61666666666667,114.63069758333334
2024-09-10,36,30,32.25,73,54.75,19,11.4,0.0,12,1800,1003,3.25,434.0,32.61666666666667,20.662499999999998,130.70833333333334,40.420833333333334,96.6375,83.87416520833334
2024-09-11,37,29,33.25,51,38.25,22,13.2,0.0,12,1800,1002,0.0,530.4166666666666,49.895833333333336,27.400000000000002,109.25,47.68333333333334,115.675,81.625228875
2024-09-12,40,30,34.0,51,38.25,18,10.799999999999999,0.0,12,1800,1003,0.0,419.1666666666667,48.1,16.104166666666668,83.83333333333333,40.574999999999996,90.875,83.75388791666667
2024-09-13,36,30,32.75,44,33.0,20,12.0,0.0,12,1800,1003,0.0,503.875,41.420833333333334,19.791666666666668,101.25,52.166666666666664,128.34166666666667,81.91923854166667
2024-09-14,36,30,32.25,57,42.75,22,13.2,0.0,12,1800,1002,0.0,517.625,39.670833333333334,22.804166666666664,96.54166666666667,58.69583333333333,193.42499999999998,101.02000083333333
2024-09-15,37,29,32.25,70,52.5,28,16.8,0.0,12,1800,1003,1.0,386.75,30.587500000000002,16.916666666666668,92.41666666666667,61.78333333333333,310.9875,130.49173354166666
2024-09-16,36,29,32.0,46,34.5,23,13.799999999999999,0.0,12,1800,1005,0.0,472.1666666666667,44.875,25.849999999999998,83.375,56.35,241.95416666666665,174.85278083333333
2024-09-17,36,29,32.0,44,33.0,25,15.0,0.0,12,1800,1008,0.0,532.75,53.00416666666666,29.287499999999998,75.375,45.97083333333333,132.12916666666666,106.15819320833333
2024-09-18,36,30,32.5,55,41.25,23,13.799999999999999,0.0,12,1800,1007,1.25,521.25,47.275,29.075,74.75,50.645833333333336,152.225,93.29583216666667
2024-09-19,35,29,31.5,63,47.25,24,14.399999999999999,0.0,12,1800,1007,0.0,439.125,36.80833333333333,21.808333333333334,89.45833333333333,45.94583333333333,150.25833333333333,102.71666850000001
2024-09-20,35,29,31.5,63,47.25,26,15.6,0.0,12,1800,1008,0.0,405.7083333333333,37.141666666666666,18.179166666666667,93.95833333333333,40.025,129.94583333333333,99.21916558333334
2024-09-21,35,28,31.0,59,44.25,24,14.399999999999999,0.0,12,1800,1007,1.0,460.4583333333333,42.19166666666667,21.820833333333336,84.20833333333333,28.891666666666666,69.06666666666666,78.20361004166666
2024-09-22,36,30,32.75,66,49.5,17,10.2,0.0,12,1800,1007,0.0,446.4583333333333,41.65833333333333,21.724999999999998,83.29166666666667,26.208333333333332,48.050000000000004,63.32041866666666
2024-09-23,36,30,32.5,50,37.5,20,12.0,0.0,12,1800,1007,0.0,437.9583333333333,41.78333333333333,20.816666666666666,89.95833333333333,29.695833333333336,60.208333333333336,60.56456408333333
2024-09-24,36,30,32.25,64,48.0,19,11.4,0.0,12,1800,1006,0.0,410.875,33.666666666666664,17.116666666666667,109.0,33.72083333333333,68.40416666666667,66.10215858333333
2024-09-25,36,30,32.0,74,55.5,20,12.0,0.0,12,1800,1004,0.0,436.2083333333333,32.645833333333336,19.733333333333334,134.04166666666666,37.7125,76.0625,69.64987316666667
2024-09-26,35,29,31.5,81,60.75,19,11.4,0.0,12,1800,1003,0.0,571.8333333333334,44.512499999999996,25.979166666666668,101.70833333333333,50.104166666666664,99.82083333333333,75.82451125
2024-09-27,35,29,31.25,73,54.75,21,12.6,0.0,12,1800,1004,0.0,592.5833333333334,54.137499999999996,29.849999999999998,77.83333333333333,57.137499999999996,141.45000000000002,85.79736000000001
2024-09-28,35,29,31.5,71,53.25,24,14.399999999999999,0.0,12,1800,1005,0.0,577.5,55.18333333333334,31.245833333333334,68.58333333333333,56.17083333333333,149.10833333333332,101.89333208333333
2024-09-29,35,30,31.75,69,51.75,20,12.0,0.0,12,1800,1006,4.0,414.5,38.574999999999996,20.391666666666666,72.45833333333333,51.75416666666666,196.23333333333335,102.07749833333334
2024-09-30,36,29,31.75,71,53.25,25,15.0,0.0,12,1800,1009,5.625,273.7083333333333,30.266666666666666,12.1875,46.875,29.150000000000002,148.77083333333334,117.98229208333333
2024-10-01,35,30,31.75,59,44.25,21,12.6,0.0,12,1800,1009,2.0,323.5833333333333,30.891666666666666,15.258333333333333,68.29166666666667,24.058333333333334,82.30416666666666,81.373267375
2024-10-02,35,30,32.25,61,45.75,24,14.399999999999999,0.0,12,1800,1010,5.75,349.5833333333333,34.145833333333336,17.420833333333334,82.08333333333333,27.25,78.57083333333334,75.70368091666667
2024-10-03,35,30,32.0,66,49.5,25,15.0,0.0,12,1800,1009,0.625,373.7083333333333,27.037499999999998,15.674999999999999,90.70833333333333,24.929166666666664,58.74166666666667,66.069236125
2024-10-04,34,30,31.5,70,52.5,26,15.6,0.0,12,1800,1007,0.125,267.0833333333333,16.920833333333334,12.025,116.58333333333333,27.258333333333336,70.39999999999999,67.28548829166667
2024-10-05,34,30,31.5,59,44.25,26,15.6,0.0,12,1800,1007,0.0,257.5,19.691666666666666,7.266666666666667,112.75,28.329166666666666,90.36666666666667,65.26531579166667
2024-10-06,34,28,30.5,58,43.5,24,14.399999999999999,0.0,12,1800,1009,0.0,410.0,42.0375,18.133333333333333,75.91666666666667,31.71666666666667,103.95833333333333,87.70604495833334
2024-10-07,34,29,31.0,56,42.0,23,13.799999999999999,0.0,11,1650,1012,6.0,424.2916666666667,47.949999999999996,24.325,52.416666666666664,30.65416666666667,94.25833333333333,77.82854420833333
2024-10-08,35,28,30.75,67,50.25,24,14.399999999999999,0.0,11,1650,1013,8.5,318.25,37.920833333333334,16.420833333333334,55.208333333333336,23.1875,63.61666666666667,71.17138966666667
2024-10-09,34,28,30.5,48,36.0,24,14.399999999999999,0.0,11,1650,1013,2.625,386.875,39.15416666666667,19.462500000000002,53.083333333333336,24.837500000000002,65.4875,65.21520966666667
2024-10-10,34,28,30.5,66,49.5,22,13.2,0.0,11,1650,1011,4.125,500.2916666666667,44.24166666666667,25.895833333333332,62.125,29.05,60.791666666666664,65.955624125
2024-10-11,34,28,30.25,66,49.5,25,15.0,0.0,11,1650,1011,5.75,430.8333333333333,43.40416666666667,25.150000000000002,69.04166666666667,30.75,64.48333333333333,64.469305125
2024-10-12,34,28,30.5,63,47.25,17,10.2,0.0,11,1650,1010,5.0,419.375,36.88333333333333,22.8125,88.20833333333333,32.31666666666667,68.79583333333333,66.86264
2024-10-13,33,27,29.75,61,45.75,17,10.2,0.0,11,1650,1010,0.25,469.3333333333333,43.64166666666667,24.316666666666666,71.70833333333333,33.916666666666664,67.74166666666666,67.23958458333333
2024-10-14,35,29,31.25,60,45.0,21,12.6,0.0,11,1650,1010,5.25,372.5,46.512499999999996,21.191666666666666,65.45833333333333,33.56666666666667,76.68333333333334,68.107361125
2024-10-15,34,27,29.75,71,53.25,27,16.2,0.0,11,1650,1012,0.875,289.4583333333333,26.433333333333334,11.841666666666667,76.83333333333333,29.474999999999998,100.575,75.58590295833334
2024-10-16,33,28,30.0,66,49.5,27,16.2,0.0,11,1650,1012,5.125,264.875,27.804166666666664,11.854166666666666,61.666666666666664,18.354166666666668,63.21666666666667,73.400138125
2024-10-17,33,27,29.5,67,50.25,29,17.4,0.0,11,1650,1012,3.375,387.0416666666667,35.108333333333334,18.941666666666666,59.291666666666664,16.099999999999998,30.099999999999998,48.751458250000006
2024-10-18,34,28,30.5,65,48.75,24,14.399999999999999,0.0,11,1650,1011,7.0,540.2083333333334,48.20416666666667,28.625,61.208333333333336,26.254166666666666,52.833333333333336,49.475418
2024-10-19,34,29,30.75,66,49.5,20,12.0,0.0,11,1650,1012,7.75,511.2083333333333,44.26666666666667,26.566666666666666,76.16666666666667,31.741666666666664,63.56666666666666,62.816180083333336
2024-10-20,33,29,30.5,74,55.5,18,10.799999999999999,0.0,11,1650,1012,4.5,445.25,32.729166666666664,19.229166666666668,91.95833333333333,40.520833333333336,81.99583333333334,69.642708
2024-10-21,34,29,30.5,67,50.25,23,13.799999999999999,0.0,11,1650,1011,3.125,455.3333333333333,36.795833333333334,21.7625,88.66666666666667,40.87916666666667,86.1125,72.25652770833334
2024-10-22,33,28,30.0,77,57.75,27,16.2,0.0,11,1650,1012,1.625,417.6666666666667,36.50416666666667,20.366666666666667,86.91666666666667,44.583333333333336,93.90416666666665,76.86972300000001
2024-10-23,33,27,29.5,68,51.0,24,14.399999999999999,0.0,11,1650,1013,2.75,487.0416666666667,48.19583333333333,23.829166666666666,79.79166666666667,48.94166666666666,122.97916666666667,83.619093625
2024-10-24,35,29,30.75,59,44.25,25,15.0,0.0,11,1650,1014,3.5,396.75,38.25416666666667,18.295833333333334,81.625,31.633333333333336,76.6375,78.42472141666667
2024-10-25,32,28,29.75,63,47.25,21,12.6,0.0,11,1650,1014,3.75,358.7916666666667,31.733333333333334,15.366666666666667,75.20833333333333,34.75416666666667,83.39166666666667,73.32382158333333
2024-10-26,32,28,29.25,71,53.25,19,11.4,0.0,11,1650,1015,0.75,522.4583333333334,24.829166666666666,13.108333333333333,101.16666666666667,29.758333333333336,90.55416666666667,78.4209035
2024-10-27,31,28,29.0,63,47.25,21,12.6,0.0,11,1650,1014,0.875,470.375,21.458333333333332,10.966666666666667,105.29166666666667,23.712500000000002,55.6,65.93784783333334
2024-10-28,32,28,29.75,65,48.75,24,14.399999999999999,0.0,11,1650,1012,2.125,345.5833333333333,14.483333333333334,6.229166666666667,108.45833333333333,21.008333333333333,48.112500000000004,59.13041825
2024-10-29,31,28,29.0,51,38.25,29,17.4,0.0,11,1650,1012,1.25,295.5,14.225,6.366666666666667,106.95833333333333,20.245833333333334,41.84583333333333,51.953281374999996
2024-10-30,31,27,29.0,46,34.5,22,13.2,0.0,11,1650,1012,4.25,419.8333333333333,23.754166666666666,10.366666666666667,108.625,23.90416666666667,50.012499999999996,51.09778995833333
2024-10-31,31,25,27.75,53,39.75,17,10.2,0.0,11,1650,1014,0.0,418.7083333333333,53.449999999999996,29.545833333333334,79.91666666666667,36.574999999999996,75.24166666666666,66.49506904166667
2024-11-01,33,26,28.5,58,43.5,19,11.4,0.0,11,1650,1014,1.875,455.4166666666667,55.17083333333333,30.704166666666666,75.875,40.17916666666667,83.0125,72.18228941666666
2024-11-02,31,27,28.75,66,49.5,17,10.2,0.0,11,1650,1015,2.875,515.6666666666666,58.24583333333334,34.229166666666664,69.45833333333333,41.72083333333333,84.45833333333333,74.06284808333334
2024-11-03,31,26,27.75,71,53.25,15,9.0,0.0,11,1650,1015,0.0,618.625,58.262499999999996,32.5375,46.666666666666664,35.975,68.85833333333333,70.37277716666667
2024-11-04,31,24,27.0,74,55.5,17,10.2,0.0,11,1650,1014,0.0,761.0416666666666,58.55416666666667,33.19166666666667,55.416666666666664,36.81666666666667,62.9125,68.66069225
2024-11-05,31,25,27.25,61,45.75,17,10.2,0.0,11,1650,1014,0.0,635.25,71.30833333333334,39.262499999999996,51.166666666666664,40.94583333333333,68.87916666666666,71.202359
2024-11-06,32,26,28.25,61,45.75,20,12.0,0.0,11,1650,1016,0.0,479.625,65.50416666666666,30.5,59.5,38.645833333333336,68.36666666666666,73.71472320833333
2024-11-07,31,26,27.75,61,45.75,18,10.799999999999999,0.0,11,1650,1017,0.0,434.0416666666667,46.541666666666664,26.804166666666664,76.0,36.12083333333333,68.92916666666666,68.10749941666667
2024-11-08,30,25,27.25,58,43.5,14,8.4,0.0,11,1650,1015,0.125,540.875,46.04583333333334,24.59166666666667,65.83333333333333,34.5,65.46666666666667,69.4586815
2024-11-09,30,25,27.25,64,48.0,18,10.799999999999999,0.0,11,1650,1015,0.25,653.4583333333334,62.15416666666667,29.883333333333336,53.583333333333336,38.362500000000004,66.68333333333334,66.78652783333332
2024-11-10,31,25,27.5,61,45.75,17,10.2,0.0,11,1650,1016,0.0,513.25,67.80833333333334,37.43333333333333,52.125,38.387499999999996,63.34583333333333,73.44611254166666
2024-11-11,31,25,27.5,60,45.0,15,9.0,0.0,11,1650,1017,0.0,440.1666666666667,54.06666666666666,28.616666666666664,61.416666666666664,37.65833333333333,62.67083333333333,70.12833329166666
2024-11-12,30,25,26.75,61,45.75,15,9.0,0.0,11,1650,1016,0.0,468.8333333333333,45.199999999999996,27.358333333333334,69.58333333333333,41.5,64.60000000000001,70.71208083333333
2024-11-13,29,24,26.25,63,47.25,19,11.4,0.0,11,1650,1014,0.0,578.9166666666666,37.979166666666664,24.329166666666666,82.5,40.420833333333334,64.80833333333332,72.72986116666667
2024-11-14,30,26,27.5,72,54.0,25,15.0,0.0,11,1650,1013,0.0,356.75,32.4,20.445833333333333,83.375,34.425000000000004,58.74583333333334,69.65347150000001
2024-11-15,29,26,27.5,60,45.0,22,13.2,0.0,11,1650,1016,0.25,336.4166666666667,22.3875,14.862499999999999,93.0,21.866666666666664,33.22083333333333,61.343611124999995
2024-11-16,28,25,26.25,52,39.0,25,15.0,0.0,11,1650,1016,0.0,367.4166666666667,17.95,11.3125,107.33333333333333,17.037499999999998,23.275000000000002,46.01805570833333
2024-11-17,29,25,26.75,54,40.5,31,18.599999999999998,0.0,11,1650,1014,0.0,431.4583333333333,31.495833333333334,19.645833333333332,98.625,24.108333333333334,39.65833333333333,45.72017079166667
2024-11-18,29,23,25.5,52,39.0,16,9.6,0.0,11,1650,1015,0.0,498.5416666666667,54.37916666666666,30.583333333333332,68.0,29.929166666666664,41.62916666666667,61.90930508333333
2024-11-19,28,23,25.0,66,49.5,18,10.799999999999999,0.0,11,1650,1016,0.0,459.7083333333333,51.475,28.145833333333332,68.625,29.354166666666668,38.53333333333333,63.95041483333333
2024-11-20,28,23,25.0,67,50.25,17,10.2,0.0,11,1650,1017,0.0,517.375,50.52916666666667,31.525000000000002,70.16666666666667,34.65416666666667,45.208333333333336,66.07444483333333
2024-11-21,28,22,24.5,64,48.0,16,9.6,0.0,11,1650,1016,0.0,425.3333333333333,41.05416666666667,27.25,70.75,35.84166666666667,66.45416666666667,67.88472016666667
2024-11-22,29,25,26.5,69,51.75,17,10.2,0.0,11,1650,1015,0.125,547.0416666666666,41.75,34.34583333333333,78.70833333333333,37.262499999999996,73.00833333333334,69.25381962499999
2024-11-23,29,24,26.25,74,55.5,17,10.2,0.0,11,1650,1015,0.875,482.625,39.333333333333336,24.775000000000002,79.54166666666667,35.68333333333333,55.98333333333333,69.62430691666667
2024-11-24,28,23,25.25,65,48.75,16,9.6,0.0,11,1650,1015,4.0,405.5833333333333,38.4375,24.066666666666666,82.95833333333333,24.958333333333332,32.487500000000004,64.646527
2024-11-25,28,24,25.5,64,48.0,14,8.4,0.0,11,1650,1015,5.875,361.625,61.74583333333334,37.57083333333333,47.333333333333336,31.879166666666666,40.0,61.24542116666667
2024-11-26,29,23,26.0,68,51.0,17,10.2,0.0,11,1650,1017,15.625,572.875,66.325,36.69583333333333,32.958333333333336,35.449999999999996,52.916666666666664,65.278054375
2024-11-27,29,23,25.5,68,51.0,15,9.0,0.0,11,1650,1015,0.375,730.0,66.47500000000001,45.69583333333333,47.25,41.68333333333333,57.645833333333336,74.48152670833333
2024-11-28,29,24,26.0,74,55.5,28,16.8,0.0,11,1650,1015,3.75,481.7083333333333,27.308333333333334,18.474999999999998,84.16666666666667,27.46666666666667,51.9375,67.04333479166667
2024-11-29,26,23,24.75,53,39.75,35,21.0,0.0,11,1650,1018,4.5,252.16666666666666,10.629166666666666,6.608333333333333,99.83333333333333,12.454166666666666,21.745833333333334,46.78222366666666
2024-11-30,25,23,23.75,56,42.0,33,19.8,0.0,11,1650,1017,0.0,227.83333333333334,9.770833333333334,5.7375,106.375,12.9625,22.150000000000002,44.46111083333333
2024-12-01,25,23,23.5,51,38.25,30,18.0,0.0,11,1650,1015,0.0,275.875,12.241666666666667,7.220833333333334,106.83333333333333,12.0875,18.508333333333333,44.73333383333334
2024-12-02,25,22,23.0,56,42.0,19,11.4,0.0,11,1650,1015,7.875,393.875,24.775000000000002,16.55,94.95833333333333,20.766666666666666,31.03333333333333,41.21249904166667
2024-12-03,25,20,22.0,64,48.0,26,15.6,0.0,11,1650,1018,0.375,332.5416666666667,41.65,25.787499999999998,63.041666666666664,23.1875,32.61666666666667,55.271529333333326
2024-12-04,25,20,22.5,51,38.25,21,12.6,0.0,11,1650,1019,0.0,332.0,41.670833333333334,24.520833333333332,65.70833333333333,26.479166666666668,35.22083333333333,53.04000254166667
2024-12-05,25,20,22.25,53,39.75,14,8.4,0.0,11,1650,1019,0.375,542.2916666666666,51.479166666666664,34.041666666666664,70.125,33.90833333333333,42.24166666666667,64.47402845833334
2024-12-06,26,21,23.25,65,48.75,18,10.799999999999999,0.0,11,1650,1019,1.75,413.5416666666667,40.229166666666664,28.6875,93.45833333333333,47.52916666666667,111.19166666666666,72.77465070833334
2024-12-07,27,22,24.75,76,57.0,26,15.6,0.0,11,1650,1018,0.375,389.8333333333333,35.425000000000004,22.28333333333333,78.20833333333333,36.545833333333334,82.87083333333334,86.54444304166667
2024-12-08,28,21,23.75,43,32.25,23,13.799999999999999,0.0,11,1650,1020,0.0,324.0833333333333,44.487500000000004,21.3875,61.916666666666664,34.925000000000004,77.24166666666666,68.12611229166667
2024-12-09,26,20,22.5,47,35.25,16,9.6,0.0,11,1650,1020,0.0,388.3333333333333,41.65,23.03333333333333,64.16666666666667,27.241666666666664,39.708333333333336,67.39736025
2024-12-10,26,21,23.0,59,44.25,14,8.4,0.0,11,1650,1018,24.875,522.25,48.975,31.46666666666667,71.70833333333333,35.19583333333333,45.46666666666667,64.36916658333332
2024-12-11,26,21,23.25,74,55.5,18,10.799999999999999,0.0,11,1650,1019,14.75,247.75,38.15416666666667,21.941666666666666,68.75,31.691666666666666,78.2625,69.95305383333333
2024-12-12,26,19,21.75,57,42.75,19,11.4,0.0,11,1650,1019,2.75,346.0833333333333,37.50416666666667,18.641666666666666,59.375,26.566666666666666,58.50416666666666,69.10527633333334
2024-12-13,24,19,21.0,58,43.5,13,7.8,0.0,11,1650,1017,1.75,599.4166666666666,48.46666666666667,30.458333333333332,47.791666666666664,34.75416666666667,56.1,65.30104033333333
2024-12-14,24,19,21.25,69,51.75,16,9.6,0.0,11,1650,1018,6.75,510.875,35.57083333333333,24.183333333333334,69.45833333333333,29.366666666666664,42.77916666666667,66.67847083333334
2024-12-15,24,21,21.75,57,42.75,32,19.2,0.0,11,1650,1020,10.25,353.2083333333333,16.825,11.733333333333333,92.41666666666667,27.34583333333333,59.604166666666664,62.13076241666667
2024-12-16,23,18,20.75,58,43.5,24,14.399999999999999,0.0,11,1650,1023,6.375,399.2916666666667,24.59166666666667,16.316666666666666,77.20833333333333,34.9625,67.09583333333333,64.939096625
2024-12-17,23,18,20.0,62,46.5,14,8.4,0.0,11,1650,1021,22.0,425.875,33.3375,21.291666666666668,63.5,42.458333333333336,70.1125,71.05236129166666
2024-12-18,23,20,21.25,57,42.75,28,16.8,0.0,11,1650,1018,20.375,364.625,19.3875,10.799999999999999,102.45833333333333,31.379166666666666,44.104166666666664,69.40111254166666
2024-12-19,23,20,21.0,52,39.0,21,12.6,0.0,11,1650,1017,20.375,401.7083333333333,35.09166666666667,22.724999999999998,86.33333333333333,34.766666666666666,45.574999999999996,68.70666779166667
2024-12-20,23,18,20.25,57,42.75,13,7.8,0.0,10,1500,1019,0.25,342.6666666666667,44.9,26.083333333333332,71.0,37.954166666666666,46.125,65.97874829166666
2024-12-21,22,17,19.75,62,46.5,21,12.6,0.0,10,1500,1017,4.0,499.0833333333333,35.041666666666664,23.087500000000002,76.54166666666667,32.583333333333336,43.30833333333334,72.12916491666667
2024-12-22,23,20,21.0,56,42.0,26,15.6,0.0,8,1200,1016,39.125,319.5833333333333,16.900000000000002,14.908333333333333,82.75,32.69166666666667,77.84583333333333,66.263401875
2024-12-23,23,20,21.5,48,36.0,18,10.799999999999999,0.0,10,1500,1018,30.5,483.0416666666667,33.520833333333336,22.96666666666667,69.91666666666667,38.32083333333333,70.70416666666667,68.86881729166667
2024-12-24,24,19,21.0,67,50.25,17,10.2,0.0,10,1500,1019,9.375,378.875,44.67916666666667,27.5,68.16666666666667,39.61666666666667,73.49166666666666,72.439308
2024-12-25,23,19,20.75,60,45.0,17,10.2,0.0,9,1350,1020,7.125,546.4166666666666,32.34583333333333,21.858333333333334,85.91666666666667,41.729166666666664,69.97916666666667,71.94430604166666
2024-12-26,23,18,20.5,73,54.75,22,13.2,0.0,10,1500,1022,10.0,447.9583333333333,60.2125,39.34583333333333,45.125,50.854166666666664,70.27083333333333,77.439999375
2024-12-27,25,19,22.0,67,50.25,17,10.2,0.0,10,1500,1024,2.875,274.1666666666667,54.56666666666666,27.5125,55.125,38.53333333333333,49.762499999999996,77.78222166666667
2024-12-28,25,18,21.0,57,42.75,16,9.6,0.0,9,1350,1023,11.0,534.7916666666666,52.0625,29.929166666666664,51.541666666666664,34.96666666666667,44.512499999999996,67.21722170833333
2024-12-29,24,19,21.0,53,39.75,17,10.2,0.0,10,1500,1021,18.625,612.625,46.05416666666667,25.212500000000002,63.625,35.333333333333336,48.37083333333334,69.60430420833333
2024-12-30,25,20,21.5,76,57.0,13,7.8,0.0,10,1500,1020,5.125,571.125,52.175000000000004,31.829166666666666,53.875,44.72083333333333,62.9375,69.87722279166667
2024-12-31,24,20,21.5,69,51.75,12,7.199999999999999,0.0,10,1500,1019,7.125,683.5,91.6375,53.775,15.916666666666666,57.550000000000004,80.70416666666667,80.72472020833334
