Date,MAX_TEMPERATURE_C,MIN_TEMPERATURE_C,TEMP_MOY,HUMIDITY_MAX_PERCENT,HUMIDITY_EST_AVG,WINDSPEED_MAX_KMH,WINDSPEED_AVG_KMH,PRECIP_TOTAL_DAY_MM,SUNHOUR,SR_EST_W_m2,PRESSURE_MAX_MB,CLOUDCOVER_AVG_PERCENT,Toluène,Benzène,CO,NO2,SO2,O3,PM2.5,PM10,AQI,City
2024-01-01,10,7,8.0,77,57.75,22,13.2,0.7,1,150,1005,86.5,1.220990125,0.5576756666666667,173.625,16.883333333333333,3.025,54.75,5.029166666666667,8.579166666666667,21.41128445833333,London
2024-01-02,12,9,10.75,94,70.5,41,24.599999999999998,3.3,1,150,992,92.125,0.7982212916666667,0.36271604545454544,147.45833333333334,13.370833333333332,2.2624999999999997,63.208333333333336,4.125,6.5,25.28333320833333,London
2024-01-03,11,10,10.25,75,56.25,28,16.8,0.3,1,150,996,96.875,0.9613622777777778,0.43103400000000003,175.04166666666666,17.875,2.9291666666666667,51.0,5.6125,7.675,21.11083325,London
2024-01-04,8,6,7.25,83,62.25,17,10.2,0.5,3,450,1004,75.125,1.9402557083333336,0.6029373749999999,199.125,29.491666666666664,4.7625,38.041666666666664,7.0,11.658333333333333,21.359652791666665,London
2024-01-05,7,4,5.25,85,63.75,21,12.6,2.9,7,1050,1008,84.75,0.9389336666666667,0.4456024347826087,207.33333333333334,26.400000000000002,4.7625,31.833333333333332,12.6875,14.954166666666666,19.680277625,London
2024-01-06,7,5,5.25,84,63.0,12,7.199999999999999,0.0,3,450,1021,84.875,0.6283941666666667,0.4552450416666667,238.125,29.46666666666667,5.166666666666667,19.0,15.079166666666666,17.570833333333333,32.424306083333335,London
2024-01-07,5,2,3.5,70,52.5,18,10.799999999999999,0.0,6,900,1032,40.75,0.3579215416666666,0.32804691666666663,179.875,12.370833333333332,2.7125,55.75,4.4125000000000005,7.6125,23.850347499999998,London
2024-01-08,4,2,2.5,68,51.0,18,10.799999999999999,0.0,5,750,1033,46.375,0.44829329166666665,0.36618838095238093,183.91666666666666,14.166666666666666,3.0,57.083333333333336,4.241666666666666,7.0249999999999995,22.833333,London
2024-01-09,4,1,2.0,59,44.25,23,13.799999999999999,0.0,8,1200,1032,31.0,0.5250393333333333,0.4173967916666667,199.08333333333334,17.825,3.841666666666667,54.208333333333336,7.395833333333333,11.691666666666668,21.683333416666667,London
2024-01-10,4,1,2.0,63,47.25,18,10.799999999999999,0.0,8,1200,1030,20.875,0.4983662083333333,0.3440942083333334,197.25,20.383333333333333,4.270833333333333,49.625,7.658333333333334,11.616666666666667,19.874999958333333,London
2024-01-11,5,1,2.75,82,61.5,14,8.4,0.0,7,1050,1037,33.375,0.6890157727272727,0.4551542272727273,208.375,24.354166666666668,5.341666666666666,39.375,10.866666666666667,16.270833333333332,20.610763625,London
2024-01-12,7,3,5.25,75,56.25,15,9.0,0.0,6,900,1036,66.125,0.7363023076923079,0.3897665384615385,207.41666666666666,30.02916666666667,6.108333333333333,37.708333333333336,8.341666666666667,15.575000000000001,22.02097225,London
2024-01-13,5,1,3.0,93,69.75,9,5.3999999999999995,0.0,8,1200,1030,32.125,1.6827783333333333,0.7458832916666666,227.25,33.56666666666667,6.958333333333333,26.083333333333332,15.141666666666666,20.820833333333333,24.49319429166667,London
2024-01-14,6,3,4.5,81,60.75,13,7.8,0.0,4,600,1020,79.625,1.1513036666666665,0.5710665416666666,209.16666666666666,27.133333333333336,4.341666666666667,32.25,13.320833333333333,16.070833333333333,31.50694525,London
2024-01-15,2,0,1.0,69,51.75,17,10.2,0.0,8,1200,1017,13.625,1.53932925,0.63332675,204.25,26.795833333333334,5.645833333333333,41.958333333333336,10.3375,13.625,22.898263749999998,London
2024-01-16,3,-1,0.75,63,47.25,9,5.3999999999999995,0.0,9,1350,1016,37.875,2.6443864999999995,1.1007141666666667,279.25,49.6875,11.862499999999999,16.25,18.0625,24.070833333333336,29.01472108333333,London
2024-01-17,3,0,2.0,75,56.25,12,7.199999999999999,0.0,1,150,1000,94.5,2.3328546666666665,0.9463661428571428,296.25,46.25833333333333,15.6625,16.25,21.84583333333333,26.65833333333333,48.594799375,London
2024-01-18,2,-1,0.0,54,40.5,14,8.4,0.0,9,1350,1017,2.5,2.870762428571428,1.1594330952380951,236.20833333333334,38.104166666666664,8.316666666666666,25.916666666666668,14.741666666666667,19.454166666666666,32.91638829166667,London
2024-01-19,2,-1,0.25,75,56.25,9,5.3999999999999995,0.0,9,1350,1026,10.75,3.145019416666667,1.380444625,262.7083333333333,43.60833333333333,8.983333333333333,20.916666666666668,15.733333333333334,21.295833333333334,29.597430625,London
2024-01-20,5,0,3.0,68,51.0,21,12.6,0.0,3,450,1025,75.0,1.617688,0.6805886521739131,196.29166666666666,18.575,3.5208333333333335,47.833333333333336,8.641666666666667,12.85,26.429167833333334,London
2024-01-21,11,4,8.0,94,70.5,30,18.0,1.9,2,300,1016,90.375,0.7851726666666666,0.44154775,162.25,7.9624999999999995,1.5208333333333333,68.79166666666667,4.670833333333333,9.766666666666667,27.516666541666666,London
2024-01-22,13,7,9.5,74,55.5,30,18.0,0.1,5,750,1022,64.375,1.1422770526315789,0.5193594375,161.75,9.416666666666666,1.8916666666666666,68.45833333333333,4.845833333333333,11.325000000000001,27.38333316666667,London
2024-01-23,12,6,8.25,96,72.0,25,15.0,1.7,1,150,1024,77.5,1.381889875,0.4660350416666666,159.20833333333334,15.020833333333334,2.7416666666666667,55.75,6.170833333333333,11.858333333333334,22.527083166666667,London
2024-01-24,13,8,10.0,75,56.25,27,16.2,0.4,8,1200,1029,63.25,1.978341181818182,0.6839137727272727,180.125,19.070833333333333,3.4916666666666667,60.041666666666664,6.716666666666666,13.125,26.244166500000002,London
2024-01-25,11,8,9.5,97,72.75,19,11.4,0.0,2,300,1030,92.0,3.0977861904761905,0.7674401904761906,186.54166666666666,31.525000000000002,5.3125,30.25,11.9625,16.641666666666666,23.734306833333335,London
2024-01-26,12,5,8.5,74,55.5,26,15.6,0.3,9,1350,1037,38.125,1.89467025,0.7121437083333334,195.58333333333334,25.729166666666668,4.591666666666667,51.666666666666664,8.416666666666666,13.354166666666666,27.436666625,London
2024-01-27,8,4,5.25,81,60.75,12,7.199999999999999,0.0,6,900,1035,49.375,3.0531286666666673,0.8780240833333334,224.70833333333334,33.074999999999996,5.908333333333334,34.5,12.916666666666666,19.279166666666665,24.812291958333333,London
2024-01-28,10,5,6.75,74,55.5,14,8.4,0.0,7,1050,1028,61.375,1.8842377916666664,0.7940780000000002,206.54166666666666,27.895833333333332,4.695833333333334,36.291666666666664,11.0375,14.345833333333333,22.785069375000003,London
2024-01-29,13,8,9.75,97,72.75,15,9.0,0.0,6,900,1023,70.5,1.8573780416666665,0.781588125,184.58333333333334,26.420833333333334,5.533333333333334,23.666666666666668,17.125,25.325,27.860068458333334,London
2024-01-30,11,5,8.75,85,63.75,22,13.2,0.0,1,150,1034,78.125,0.8318090000000001,0.4275032916666666,211.0,28.275000000000002,6.825,40.208333333333336,11.479166666666666,16.441666666666666,29.910902125000003,London
2024-01-31,11,4,6.5,86,64.5,20,12.0,0.0,9,1350,1035,42.625,1.225458608695652,0.5761150434782608,245.70833333333334,33.57083333333333,8.591666666666667,34.291666666666664,15.929166666666667,21.829166666666666,34.395832625,London
2024-02-01,10,6,7.5,73,54.75,12,7.199999999999999,0.3,9,1350,1035,32.0,1.9704291999999999,0.77243465,220.08333333333334,33.395833333333336,6.0249999999999995,37.708333333333336,10.954166666666666,18.133333333333333,24.313889041666666,London
2024-02-02,12,5,8.5,93,69.75,22,13.2,0.0,1,150,1034,63.875,1.6406245652173912,0.6496218695652173,172.41666666666666,18.333333333333332,3.079166666666667,51.625,8.441666666666666,11.508333333333333,22.590624833333333,London
2024-02-03,12,9,10.5,90,67.5,17,10.2,0.0,1,150,1029,81.125,1.642189625,0.5421245416666666,155.66666666666666,13.0,2.4583333333333335,53.75,11.558333333333332,17.841666666666665,22.8076385,London
2024-02-04,14,10,11.75,84,63.0,28,16.8,0.0,1,150,1027,78.5,1.1371625217391303,0.43998837500000004,147.83333333333334,9.383333333333333,1.8541666666666667,57.833333333333336,10.1,18.125,23.242361541666668,London
2024-02-05,11,8,9.75,86,64.5,27,16.2,0.0,5,750,1024,46.5,1.1174287083333334,0.42487008333333326,150.5,12.025,2.629166666666667,58.375,10.316666666666666,18.070833333333333,24.04756983333333,London
2024-02-06,12,11,11.5,77,57.75,27,16.2,0.0,1,150,1015,97.125,1.1061790833333334,0.38845512499999996,139.79166666666666,9.841666666666667,1.7583333333333335,60.916666666666664,8.108333333333333,13.183333333333332,24.36666704166667,London
2024-02-07,6,3,4.75,92,69.0,14,8.4,2.5,1,150,1007,100.0,0.939923,0.46099938095238097,227.04166666666666,35.74583333333333,8.583333333333334,37.958333333333336,11.816666666666668,17.970833333333335,24.96576345833333,London
2024-02-08,9,4,5.75,98,73.5,21,12.6,6.6,1,150,1003,98.875,1.9168970454545453,0.7661519545454546,212.41666666666666,33.32083333333333,5.070833333333334,32.916666666666664,11.991666666666667,15.654166666666667,29.45590195833333,London
2024-02-09,12,9,10.75,90,67.5,25,15.0,2.8,1,150,981,94.75,1.6545688333333335,0.4968635833333333,158.29166666666666,16.491666666666667,2.7583333333333333,60.208333333333336,6.091666666666666,9.933333333333334,24.099305416666667,London
2024-02-10,11,7,9.75,86,64.5,13,7.8,0.4,7,1050,986,63.875,1.4633720833333335,0.6880687499999999,207.625,34.92916666666667,6.175,29.791666666666668,10.762500000000001,15.416666666666666,20.615972208333332,London
2024-02-11,8,5,7.75,89,66.75,17,10.2,0.2,3,450,1000,80.5,1.275677,0.6647575416666666,241.375,33.87083333333333,6.466666666666666,21.25,14.729166666666666,20.670833333333334,28.47659720833333,London
2024-02-12,10,4,6.5,85,63.75,17,10.2,0.0,6,900,1011,48.75,1.8316030833333332,0.8044876666666667,206.16666666666666,26.575,4.4624999999999995,44.875,9.516666666666667,14.258333333333333,25.2138885,London
2024-02-13,10,5,7.0,82,61.5,20,12.0,0.9,3,450,1016,75.625,1.4646690833333331,0.5913966250000001,180.91666666666666,21.120833333333334,3.6791666666666667,56.125,6.633333333333333,9.612499999999999,23.594999791666666,London
2024-02-14,12,11,11.0,96,72.0,18,10.799999999999999,3.0,1,150,1013,87.375,2.8763249,0.5154238947368421,161.33333333333334,17.25,2.7916666666666665,52.916666666666664,6.8,9.954166666666667,21.16666675,London
2024-02-15,14,11,12.75,90,67.5,14,8.4,0.1,6,900,1013,83.625,12.168312315789475,0.783934947368421,178.79166666666666,25.854166666666668,4.5125,37.125,9.7875,12.954166666666666,19.112777875,London
2024-02-16,13,9,10.75,93,69.75,19,11.4,1.2,2,300,1024,85.5,1.9469999583333333,0.757063875,199.45833333333334,27.941666666666666,4.408333333333333,37.541666666666664,11.112499999999999,13.666666666666666,22.559861416666667,London
2024-02-17,11,7,8.75,94,70.5,11,6.6,0.1,1,150,1030,75.625,1.6152055833333334,0.6871923333333334,191.58333333333334,26.254166666666666,4.3875,39.916666666666664,11.575000000000001,14.666666666666666,25.5253475,London
2024-02-18,14,9,11.75,97,72.75,16,9.6,3.0,5,750,1029,68.125,1.1152874166666666,0.4819580833333334,168.04166666666666,15.579166666666666,2.7708333333333335,56.166666666666664,5.116666666666666,6.6125,22.466666291666666,London
2024-02-19,12,8,9.25,92,69.0,18,10.799999999999999,1.0,6,900,1031,43.625,1.5679962916666668,0.6719328749999999,196.91666666666666,22.545833333333334,4.1000000000000005,49.583333333333336,10.791666666666666,14.079166666666666,22.345832916666666,London
2024-02-20,13,7,9.0,82,61.5,19,11.4,0.0,5,750,1030,49.125,2.2964211666666667,0.863114625,201.5,24.84166666666667,4.441666666666666,48.666666666666664,12.15,16.729166666666668,26.206597833333333,London
2024-02-21,11,9,10.0,96,72.0,30,18.0,2.7,1,150,1020,94.75,1.3657712272727274,0.5858062727272727,162.0,15.029166666666667,2.625,65.91666666666667,5.595833333333334,9.4625,26.366666624999997,London
2024-02-22,11,4,8.75,95,71.25,35,21.0,6.1,2,300,999,81.375,1.8363970454545453,0.6407475454545455,158.04166666666666,14.345833333333333,2.3249999999999997,58.875,4.983333333333333,7.616666666666667,23.550000041666667,London
2024-02-23,8,3,5.5,80,60.0,20,12.0,0.6,5,750,990,61.5,2.4566470000000002,0.9291261304347825,202.20833333333334,25.016666666666666,4.125,45.708333333333336,8.054166666666667,11.987499999999999,23.08000008333333,London
2024-02-24,6,2,4.0,88,66.0,11,6.6,2.2,4,600,997,55.5,2.3796757916666667,1.0887260416666666,268.375,41.125,8.775,27.875,14.558333333333332,20.104166666666668,26.15159745833333,London
2024-02-25,9,4,6.5,84,63.0,18,10.799999999999999,0.9,1,150,998,80.5,3.922703466666667,1.5931828666666668,284.4166666666667,32.766666666666666,6.920833333333333,28.875,19.400000000000002,23.670833333333334,43.385763625,London
2024-02-26,8,4,6.25,76,57.0,31,18.599999999999998,0.0,2,300,1019,78.125,1.4794497450465702,0.5096071954807737,179.29166666666666,9.579166666666667,2.0208333333333335,58.791666666666664,5.895833333333333,8.870833333333334,26.910762916666666,London
2024-02-27,8,3,5.25,86,64.5,13,7.8,0.0,5,750,1022,68.375,1.4794497450465702,0.5096071954807737,236.16666666666666,34.57083333333333,7.55,31.041666666666668,13.845833333333333,17.925,21.48367979166667,London
2024-02-28,10,7,8.75,93,69.75,22,13.2,1.1,1,150,1021,95.375,1.4794497450465702,0.5096071954807737,235.83333333333334,35.85,8.129166666666666,28.125,16.162499999999998,20.304166666666667,34.653124625,London
2024-02-29,10,5,8.25,95,71.25,15,9.0,1.6,1,150,1010,100.0,1.4794497450465702,0.5096071954807737,191.83333333333334,26.15833333333333,3.9166666666666665,51.125,8.7125,13.433333333333332,23.6513195,London
2024-03-01,8,4,5.25,95,71.25,29,17.4,2.5,5,750,1002,62.0,1.2290065000000001,0.470832,187.0,15.054166666666667,2.6374999999999997,67.54166666666667,6.4750000000000005,12.058333333333332,27.016666541666666,London
2024-03-02,8,4,5.25,89,66.75,17,10.2,1.2,5,750,1000,78.875,1.2673465,0.5680107083333333,198.08333333333334,18.662499999999998,3.1333333333333333,58.166666666666664,6.9875,10.395833333333334,25.248333208333335,London
2024-03-03,8,4,5.5,92,69.0,10,6.0,0.3,3,450,1006,70.375,1.7636971666666668,0.8674235,305.625,44.300000000000004,9.979166666666666,18.125,19.408333333333335,24.3875,31.53881979166667,London
2024-03-04,9,4,6.5,91,68.25,18,10.799999999999999,0.0,7,1050,1010,49.125,1.7414866666666664,0.8408885238095238,247.625,31.620833333333334,7.075,35.916666666666664,12.233333333333334,16.920833333333334,34.046179333333335,London
2024-03-05,12,5,7.25,86,64.5,9,5.3999999999999995,0.0,11,1650,1018,34.875,0.8321689523809523,0.4599337,258.5416666666667,38.84166666666667,8.683333333333334,30.333333333333332,12.345833333333333,16.220833333333335,23.499513916666668,London
2024-03-06,11,5,7.0,79,59.25,9,5.3999999999999995,0.7,6,900,1025,64.25,2.1185148750000002,0.7991915416666666,275.6666666666667,42.050000000000004,7.529166666666666,16.75,20.591666666666665,23.337500000000002,35.22256804166667,London
2024-03-07,11,5,7.25,83,62.25,22,13.2,0.0,10,1500,1023,43.75,1.3134588333333335,0.8558199583333334,280.8333333333333,35.94166666666667,6.429166666666667,27.166666666666668,25.741666666666664,30.383333333333336,50.82999604166667,London
2024-03-08,9,5,6.75,80,60.0,24,14.399999999999999,0.0,11,1650,1015,30.25,1.3485370833333334,0.8801361249999999,249.75,25.6375,5.133333333333334,44.333333333333336,24.28333333333333,29.145833333333332,60.430416375,London
2024-03-09,11,7,8.25,79,59.25,19,11.4,0.4,3,450,1000,84.625,1.2573827499999999,0.757875875,213.04166666666666,21.033333333333335,3.6125000000000003,54.333333333333336,13.204166666666666,15.129166666666668,40.026389,London
2024-03-10,9,6,7.75,94,70.5,13,7.8,0.5,2,300,1002,86.0,1.2648257083333332,0.7661073750000001,241.58333333333334,31.454166666666666,3.545833333333333,35.416666666666664,11.654166666666667,13.887500000000001,22.378194500000003,London
2024-03-11,10,6,7.5,93,69.75,16,9.6,0.0,1,150,1013,89.625,0.7618392857142856,0.9409358571428571,255.58333333333334,26.829166666666666,5.679166666666667,29.916666666666668,24.6125,31.058333333333334,39.40798625,London
2024-03-12,11,6,8.25,96,72.0,15,9.0,1.4,1,150,1013,91.875,1.9361931363636364,0.7935214545454546,212.95833333333334,29.099999999999998,4.258333333333334,31.666666666666668,15.395833333333334,18.516666666666666,51.47992995833334,London
2024-03-13,13,10,11.5,92,69.0,21,12.6,0.0,1,150,1013,87.375,1.1875952916666668,0.5289709545454545,162.75,15.604166666666666,3.158333333333333,56.541666666666664,8.1625,11.808333333333332,23.70416575,London
2024-03-14,15,10,11.75,81,60.75,23,13.799999999999999,0.8,4,600,1012,88.5,1.5687554166666666,0.5000195416666666,164.41666666666666,15.633333333333333,2.829166666666667,55.958333333333336,8.695833333333333,12.045833333333334,22.62083325,London
2024-03-15,14,8,11.75,88,66.0,27,16.2,0.5,3,450,1008,96.125,1.535124125,0.509056652173913,173.41666666666666,15.083333333333334,2.5208333333333335,65.66666666666667,6.25,9.833333333333334,26.266666291666667,London
2024-03-16,13,7,9.0,85,63.75,15,9.0,0.0,8,1200,1021,68.625,1.3504559166666665,0.5706408749999999,204.04166666666666,21.129166666666666,4.7875000000000005,45.416666666666664,9.508333333333333,12.695833333333333,19.362847249999998,London
2024-03-17,14,10,11.0,96,72.0,16,9.6,2.0,1,150,1019,88.5,1.3328590416666666,0.49709116666666664,179.83333333333334,19.058333333333334,2.6916666666666664,52.166666666666664,7.6375,9.591666666666667,21.473611208333335,London
2024-03-18,15,7,10.25,92,69.0,17,10.2,0.0,6,900,1016,52.375,1.6928545714285717,0.6248258571428571,192.16666666666666,24.429166666666664,4.041666666666667,44.041666666666664,12.708333333333334,16.425,22.041319,London
2024-03-19,15,10,12.0,85,63.75,17,10.2,0.0,3,450,1018,72.125,2.2887734545454546,0.543953857142857,176.04166666666666,20.445833333333333,3.670833333333333,53.041666666666664,9.725,13.483333333333334,22.42569383333333,London
2024-03-20,17,10,12.75,90,67.5,10,6.0,0.7,1,150,1022,84.875,3.713925458333333,0.53360625,212.25,34.875,6.6125,36.791666666666664,15.629166666666668,19.520833333333332,25.842083791666667,London
2024-03-21,16,8,11.5,87,65.25,17,10.2,0.0,8,1200,1026,67.125,1.9141661249999997,0.7323884999999999,228.41666666666666,31.066666666666666,6.483333333333333,28.625,16.6875,18.258333333333333,33.3305565,London
2024-03-22,11,6,9.5,86,64.5,14,8.4,1.1,1,150,1022,87.5,1.1648602083333335,0.470766125,186.66666666666666,19.875,3.6750000000000003,57.833333333333336,8.737499999999999,12.666666666666666,28.229166000000003,London
2024-03-23,9,4,6.25,77,57.75,26,15.6,0.7,8,1200,1016,58.5,0.7969215416666667,0.3894516666666667,180.875,10.045833333333333,2.3875,71.66666666666667,5.408333333333334,9.8375,28.666666916666667,London
2024-03-24,10,6,7.75,69,51.75,22,13.2,0.0,3,450,1012,85.625,0.9419023043478261,0.4904905217391305,189.29166666666666,16.845833333333335,3.9625,58.625,6.445833333333333,10.3125,26.87875,London
2024-03-25,11,5,7.75,81,60.75,21,12.6,0.0,7,1050,1009,61.625,0.9528651904761903,0.4730142857142858,215.0,29.087500000000002,5.8125,45.166666666666664,12.329166666666666,15.1625,25.650417416666667,London
2024-03-26,8,7,7.5,96,72.0,8,4.8,2.1,1,150,992,93.625,1.8310825454545456,0.6433989090909091,223.66666666666666,33.141666666666666,5.254166666666666,36.208333333333336,12.674999999999999,15.7125,22.93965329166667,London
2024-03-27,9,5,6.75,88,66.0,24,14.399999999999999,0.5,4,600,983,79.875,1.1653267916666668,0.43881533333333334,173.54166666666666,17.191666666666666,3.3333333333333335,64.875,6.3625,9.695833333333333,26.03611079166667,London
2024-03-28,10,5,7.75,95,71.25,35,21.0,2.5,5,750,985,72.75,0.8117387916666668,0.409762,163.33333333333334,9.075000000000001,1.6833333333333333,72.95833333333333,3.6999999999999997,9.729166666666666,29.183332875,London
2024-03-29,10,6,7.75,92,69.0,25,15.0,0.7,5,750,992,74.5,0.8268964166666667,0.36481566666666665,170.79166666666666,13.483333333333334,2.275,71.08333333333333,4.966666666666667,10.508333333333333,28.433333125,London
2024-03-30,13,7,9.5,93,69.75,8,4.8,0.3,5,750,998,63.125,1.0496528333333333,0.45832365217391297,216.66666666666666,29.391666666666666,5.95,45.25,10.258333333333333,17.895833333333332,22.608333208333335,London
2024-03-31,13,6,9.0,85,63.75,24,14.399999999999999,1.5,2,300,998,78.25,0.8893121666666667,0.5531045833333333,226.75,29.84583333333333,4.1499999999999995,34.083333333333336,15.666666666666666,19.570833333333333,27.592777916666666,London
2024-04-01,14,7,10.5,83,62.25,21,12.6,0.3,9,1350,997,70.5,0.7965839523809523,0.3903828095238095,190.66666666666666,21.558333333333334,3.029166666666667,52.666666666666664,9.058333333333334,12.237499999999999,27.686458666666667,London
2024-04-02,14,7,10.0,92,69.0,19,11.4,1.0,6,900,1005,84.875,1.0965703999999998,0.42003304545454545,179.70833333333334,15.808333333333332,2.4,61.791666666666664,6.2625,9.1875,24.8125,London
2024-04-03,14,9,11.25,95,71.25,23,13.799999999999999,0.9,1,150,1004,92.5,1.2480144166666667,0.5587696666666666,162.95833333333334,11.658333333333333,1.8708333333333333,71.83333333333333,4.3625,7.254166666666666,28.733333208333335,London
2024-04-04,15,9,12.0,90,67.5,24,14.399999999999999,0.6,2,300,1006,93.125,1.1629395416666666,0.422525625,163.0,12.012500000000001,1.8708333333333333,74.125,5.3500000000000005,8.8125,29.650000000000002,London
2024-04-05,16,12,13.25,92,69.0,30,18.0,0.2,5,750,1006,88.375,0.8652698695652173,0.3398225833333333,154.125,10.575000000000001,1.7333333333333334,75.16666666666667,5.6000000000000005,10.262500000000001,30.066666708333333,London
2024-04-06,17,12,14.0,84,63.0,27,16.2,0.0,9,1350,1007,49.0,0.6917105,0.2919574090909091,148.83333333333334,8.070833333333333,1.55,80.58333333333333,6.0,11.15,32.322222458333336,London
2024-04-07,15,10,12.25,79,59.25,31,18.599999999999998,0.0,10,1500,1011,55.25,0.7086761250000001,0.339641625,153.25,6.208333333333333,1.3625,85.08333333333333,5.204166666666667,13.079166666666666,34.03333308333333,London
2024-04-08,17,9,12.5,87,65.25,19,11.4,0.7,6,900,1008,48.5,1.0365129523809524,0.4153030952380953,170.375,17.95,3.1666666666666665,62.333333333333336,8.904166666666667,13.745833333333332,25.37500025,London
2024-04-09,11,7,9.5,83,62.25,32,19.2,0.1,4,600,1020,76.625,0.9767986956521739,0.416207347826087,167.33333333333334,9.1875,1.5250000000000001,76.0,3.5375,6.945833333333333,30.40000004166667,London
2024-04-10,14,5,9.0,81,60.75,21,12.6,0.0,5,750,1027,56.125,1.2146948695652175,0.4788524166666666,179.91666666666666,17.441666666666666,2.8708333333333336,57.375,7.4624999999999995,11.8375,23.685417083333334,London
2024-04-11,19,12,14.0,92,69.0,15,9.0,0.0,4,600,1030,91.125,1.5829802083333335,0.4756584782608696,160.83333333333334,16.158333333333335,2.558333333333333,54.458333333333336,7.55,11.0875,21.783333291666665,London
2024-04-12,19,11,14.25,78,58.5,21,12.6,0.0,9,1350,1030,47.625,1.55148975,0.554067,158.83333333333334,13.808333333333332,2.9416666666666664,63.541666666666664,7.404166666666666,10.7875,25.416666333333335,London
2024-04-13,19,10,14.5,90,67.5,24,14.399999999999999,0.0,12,1800,1026,24.375,1.06371075,0.40442437500000006,160.66666666666666,13.429166666666667,2.3874999999999997,62.458333333333336,7.995833333333334,11.120833333333332,24.983333583333334,London
2024-04-14,13,7,9.75,69,51.75,15,9.0,0.0,3,450,1026,59.0,0.8580789583333334,0.3636775,176.70833333333334,12.229166666666666,2.1166666666666667,71.375,6.7875000000000005,10.924999999999999,28.549999624999998,London
2024-04-15,11,7,8.75,79,59.25,32,19.2,0.4,7,1050,1016,66.25,0.5636518095238094,0.32647231578947367,168.16666666666666,7.375,1.5374999999999999,78.66666666666667,4.891666666666667,8.908333333333333,31.466666458333332,London
2024-04-16,12,6,9.5,66,49.5,23,13.799999999999999,0.0,12,1800,1016,36.25,0.42601180000000005,0.23936644999999998,178.58333333333334,12.395833333333334,1.9333333333333333,70.29166666666667,5.679166666666667,8.208333333333334,28.30833325,London
2024-04-17,10,3,6.5,83,62.25,21,12.6,0.7,7,1050,1018,55.0,0.46720029166666666,0.23932133333333336,176.45833333333334,12.045833333333334,2.095833333333333,65.08333333333333,5.8999999999999995,8.475,26.033333083333332,London
2024-04-18,13,3,7.5,81,60.75,15,9.0,0.0,11,1650,1024,46.625,1.112097409090909,0.3546392083333334,174.875,12.845833333333333,2.558333333333333,70.66666666666667,6.145833333333333,9.0,28.266666666666666,London
2024-04-19,13,7,9.5,85,63.75,23,13.799999999999999,0.4,3,450,1024,95.75,0.562802625,0.24596258333333332,168.125,10.654166666666667,1.8666666666666665,70.125,6.0,8.6625,28.049999958333334,London
2024-04-20,10,3,6.75,71,53.25,19,11.4,0.0,7,1050,1031,40.125,0.3315290454545455,0.21255786956521738,171.625,9.041666666666666,2.154166666666667,73.91666666666667,5.304166666666666,9.658333333333333,29.566666625,London
2024-04-21,10,3,6.25,75,56.25,19,11.4,0.0,8,1200,1032,64.375,0.2397874285714286,0.18421980952380954,168.25,7.8374999999999995,1.9541666666666666,74.0,4.8625,8.808333333333334,29.599999625,London
2024-04-22,9,4,6.25,81,60.75,11,6.6,0.0,3,450,1031,77.0,0.41149210526315794,0.2230951111111111,187.04166666666666,17.6125,3.6833333333333336,59.5,8.612499999999999,12.954166666666666,23.80000025,London
2024-04-23,9,5,6.75,93,69.75,19,11.4,0.3,1,150,1025,95.375,0.5843767826086956,0.25921877272727273,183.91666666666666,20.154166666666665,3.220833333333333,51.958333333333336,10.200000000000001,13.245833333333332,22.558888999999997,London
2024-04-24,9,4,6.75,69,51.75,20,12.0,0.1,8,1200,1020,75.75,0.40753839999999997,0.19856654545454544,185.875,16.495833333333334,3.6999999999999997,64.125,8.362499999999999,11.591666666666667,27.114930333333334,London
2024-04-25,12,5,8.0,73,54.75,17,10.2,0.8,7,1050,1013,73.5,1.5774072916666668,0.5354070833333333,221.625,34.1,5.7875000000000005,43.583333333333336,15.65,19.974999999999998,28.524999291666663,London
2024-04-26,11,3,7.25,91,68.25,9,5.3999999999999995,0.0,9,1350,1006,70.0,1.0077275416666664,0.37027583333333336,187.125,23.191666666666666,4.129166666666666,55.833333333333336,9.299999999999999,12.570833333333333,27.4322915,London
2024-04-27,11,5,7.75,93,69.75,19,11.4,2.3,1,150,1004,100.0,0.3967407916666667,0.25450009523809525,181.16666666666666,16.966666666666665,1.8541666666666667,61.583333333333336,9.704166666666667,11.091666666666667,24.633333583333336,London
2024-04-28,10,5,8.0,97,72.75,22,13.2,6.8,2,300,1013,87.375,0.7141281249999999,0.3586020869565218,186.875,13.991666666666667,1.8791666666666667,63.208333333333336,6.079166666666667,7.1125,25.283333166666665,London
2024-04-29,14,5,9.5,94,70.5,24,14.399999999999999,0.0,14,2100,1016,22.625,1.386887,0.3648654,170.45833333333334,14.729166666666666,2.8208333333333333,72.625,9.1,11.920833333333334,29.049999833333334,London
2024-04-30,16,8,11.0,94,70.5,18,10.799999999999999,0.6,5,750,1015,56.25,1.7274662608695652,0.3840796956521739,175.20833333333334,19.566666666666666,3.7916666666666665,63.833333333333336,9.658333333333333,11.995833333333332,26.433263874999998,London
2024-05-01,17,9,12.5,90,67.5,13,7.8,0.5,2,300,1010,76.625,1.3879305000000002,0.43790137500000004,203.79166666666666,29.97083333333333,4.070833333333334,44.958333333333336,16.875,20.691666666666666,26.93159645833333,London
2024-05-02,14,10,12.25,99,74.25,11,6.6,4.3,1,150,1004,100.0,1.5059954583333333,0.5129125,196.54166666666666,21.354166666666668,2.6916666666666664,62.458333333333336,19.3125,25.370833333333334,37.14583083333333,London
2024-05-03,13,8,9.75,95,71.25,19,11.4,1.4,4,600,1011,88.375,1.8203051250000002,0.693219347826087,163.54166666666666,13.970833333333333,1.625,66.25,4.716666666666667,6.4375,29.62465075,London
2024-05-04,17,7,11.75,95,71.25,13,7.8,0.1,12,1800,1013,44.75,1.130293625,0.45027991666666667,182.5,22.84166666666667,3.3208333333333333,59.666666666666664,10.170833333333333,13.041666666666666,26.691666583333333,London
2024-05-05,17,8,12.25,92,69.0,12,7.199999999999999,0.0,6,900,1010,57.25,1.8863580833333333,0.6939799583333333,224.33333333333334,32.8375,4.816666666666666,41.958333333333336,14.466666666666667,17.341666666666665,30.70055508333333,London
2024-05-06,15,9,11.5,90,67.5,9,5.3999999999999995,0.3,9,1350,1012,70.375,1.01833825,0.3974728947368421,221.45833333333334,35.420833333333334,4.1875,30.25,16.770833333333332,19.041666666666668,26.918750083333332,London
2024-05-07,19,11,14.25,95,71.25,11,6.6,0.1,7,1050,1025,80.625,0.5807165909090909,0.23845304545454546,171.375,15.579166666666666,2.316666666666667,70.875,13.783333333333333,15.983333333333334,34.544790875,London
2024-05-08,21,9,14.0,82,61.5,5,3.0,0.0,15,2250,1029,34.75,1.1840248333333334,0.3726789565217391,185.08333333333334,24.3875,3.5708333333333333,64.45833333333333,15.633333333333333,18.675,31.46249895833333,London
2024-05-09,20,11,15.75,85,63.75,5,3.0,1.1,8,1200,1029,62.75,1.5264296250000002,0.45011441666666663,207.75,29.71666666666667,4.925,62.875,23.383333333333336,26.97083333333333,43.900000375,London
2024-05-10,20,12,15.5,92,69.0,13,7.8,0.0,15,2250,1025,13.75,1.8358148749999998,0.48005245833333327,225.625,35.65416666666667,5.933333333333334,58.666666666666664,26.008333333333336,30.6875,58.54125008333333,London
2024-05-11,21,11,15.5,78,58.5,16,9.6,0.0,12,1800,1023,16.875,1.02339975,0.42179491304347827,187.04166666666666,24.383333333333336,3.4625,68.125,22.8625,27.59166666666667,53.97639041666667,London
2024-05-12,23,12,17.75,87,65.25,14,8.4,0.2,11,1650,1017,41.75,1.1988703333333333,0.380251375,198.66666666666666,23.775000000000002,3.7416666666666667,67.41666666666667,16.666666666666668,21.229166666666668,42.958680125,London
2024-05-13,20,13,16.25,94,70.5,21,12.6,0.3,6,900,1008,69.5,1.0111594,0.3348607,152.83333333333334,13.745833333333332,1.9416666666666667,71.08333333333333,10.004166666666666,12.995833333333332,31.6819435,London
2024-05-14,17,12,15.0,97,72.75,19,11.4,2.7,7,1050,1003,87.5,1.8845980000000002,0.5697886956521739,155.45833333333334,17.191666666666666,2.0833333333333335,56.208333333333336,5.8,8.15,22.510416791666668,London
2024-05-15,19,12,14.75,93,69.75,15,9.0,0.4,11,1650,1007,59.875,1.5759929583333332,0.5432787826086957,164.70833333333334,20.4375,2.9791666666666665,49.25,7.695833333333333,10.65,21.441666916666666,London
2024-05-16,15,11,13.0,91,68.25,9,5.3999999999999995,2.5,1,150,1007,82.125,1.8337974166666668,0.5254742499999999,212.54166666666666,39.766666666666666,4.375,31.708333333333332,14.625,17.349999999999998,25.12506820833333,London
2024-05-17,20,10,14.5,79,59.25,12,7.199999999999999,0.0,10,1500,1013,39.0,1.3433037916666668,0.4160360416666667,207.29166666666666,33.862500000000004,5.245833333333333,45.333333333333336,15.6875,19.795833333333334,29.694790124999997,London
2024-05-18,17,11,14.0,94,70.5,13,7.8,2.5,4,600,1013,88.875,0.747741125,0.29994783333333336,184.625,17.945833333333333,2.404166666666667,61.833333333333336,15.745833333333332,18.908333333333335,32.57604229166667,London
2024-05-19,20,10,14.5,88,66.0,16,9.6,0.5,12,1800,1016,46.5,0.37101012499999997,0.20686095833333332,151.5,8.904166666666667,1.7625,80.33333333333333,10.2875,14.641666666666666,34.236804625,London
2024-05-20,19,10,14.25,76,57.0,19,11.4,0.0,10,1500,1015,33.375,0.42818094999999995,0.19000630000000002,144.70833333333334,9.85,1.8041666666666665,75.91666666666667,9.545833333333333,12.629166666666668,30.455555625,London
2024-05-21,15,10,12.5,88,66.0,12,7.199999999999999,1.9,1,150,1011,91.75,0.8189716521739131,0.2850312916666667,180.04166666666666,23.820833333333336,3.1916666666666664,58.916666666666664,11.237499999999999,14.995833333333332,25.408333416666665,London
2024-05-22,16,12,13.75,97,72.75,17,10.2,1.2,5,750,1013,81.25,1.6981146249999999,0.5744905833333334,177.33333333333334,18.8875,1.9708333333333332,57.5,10.229166666666666,11.737499999999999,26.55729141666667,London
2024-05-23,14,10,12.5,83,62.25,21,12.6,0.0,2,300,1018,89.25,1.2795883750000001,0.47579199999999994,144.04166666666666,12.012500000000001,1.7041666666666666,65.70833333333333,4.916666666666667,7.7625,26.283333374999998,London
2024-05-24,19,8,13.25,74,55.5,6,3.5999999999999996,0.0,12,1800,1020,33.125,1.2560742083333334,0.4334253333333334,177.83333333333334,22.695833333333336,3.4791666666666665,59.791666666666664,10.3125,15.104166666666666,24.826666708333335,London
2024-05-25,19,10,14.25,76,57.0,16,9.6,0.0,13,1950,1019,44.875,1.723512333333333,0.6445001250000001,195.29166666666666,25.662499999999998,3.970833333333333,59.083333333333336,13.433333333333332,16.720833333333335,31.199376291666667,London
2024-05-26,18,11,14.25,95,71.25,20,12.0,2.2,8,1200,1014,78.625,1.0580623333333332,0.43690095833333337,149.5,10.754166666666668,1.3916666666666666,65.41666666666667,4.383333333333334,7.058333333333334,26.28611104166667,London
2024-05-27,17,9,12.75,78,58.5,18,10.799999999999999,0.3,11,1650,1017,48.875,0.8718883,0.3640511578947368,152.83333333333334,11.8125,1.9083333333333332,64.25,5.995833333333334,10.704166666666666,25.699999958333333,London
2024-05-28,15,9,12.5,97,72.75,17,10.2,2.7,1,150,1017,81.75,1.1220640000000002,0.384932,147.66666666666666,13.508333333333333,1.6458333333333333,56.666666666666664,6.179166666666667,9.345833333333333,22.66666675,London
2024-05-29,17,11,14.5,86,64.5,17,10.2,0.4,12,1800,1010,52.625,0.7654312083333332,0.28642795652173914,152.79166666666666,10.845833333333333,1.5125,62.208333333333336,5.316666666666666,8.475,24.88333316666667,London
2024-05-30,17,10,13.75,80,60.0,19,11.4,0.7,10,1500,1015,58.875,0.4685409166666667,0.16663623809523812,148.625,11.041666666666666,1.4791666666666667,62.625,4.8500000000000005,6.95,25.049999958333334,London
2024-05-31,14,10,12.0,84,63.0,23,13.799999999999999,0.0,2,300,1022,74.0,0.34510699999999994,0.15833647619047617,136.66666666666666,7.7,1.0291666666666666,68.625,4.279166666666667,7.404166666666666,27.449999458333334,London
2024-06-01,18,9,13.0,78,58.5,22,13.2,0.0,14,2100,1027,34.75,0.3010125833333333,0.17357114999999998,143.5,6.383333333333333,0.9791666666666666,68.75,8.137500000000001,12.170833333333334,27.499999875,London
2024-06-02,21,9,14.5,67,50.25,17,10.2,0.0,16,2400,1028,25.75,0.45874119999999996,0.1796696818181818,150.75,8.629166666666666,1.1833333333333333,73.875,9.345833333333333,13.179166666666667,29.549999874999997,London
2024-06-03,19,12,15.5,81,60.75,13,7.8,0.1,5,750,1024,75.875,0.50571035,0.18013270588235294,157.16666666666666,18.933333333333334,2.3874999999999997,41.875,8.237499999999999,11.016666666666666,19.684791291666667,London
2024-06-04,21,12,16.0,82,61.5,24,14.399999999999999,0.1,7,1050,1017,77.5,1.7913686249999998,0.5300536666666666,161.58333333333334,20.383333333333333,2.441666666666667,37.416666666666664,8.058333333333334,11.083333333333334,20.917569333333333,London
2024-06-05,15,8,11.25,68,51.0,15,9.0,0.2,9,1350,1017,42.375,0.9571511666666667,0.3578936666666667,149.41666666666666,13.654166666666667,1.9166666666666667,62.791666666666664,6.458333333333333,11.595833333333333,25.36666658333333,London
2024-06-06,17,9,12.75,66,49.5,15,9.0,0.1,7,1050,1019,69.75,1.2723095000000002,0.48490649999999996,159.70833333333334,16.974999999999998,1.9749999999999999,56.5,7.520833333333333,11.245833333333332,22.945833250000003,London
2024-06-07,18,8,13.0,71,53.25,19,11.4,0.1,8,1200,1020,49.5,1.5293858333333332,0.46714370833333335,153.91666666666666,14.970833333333333,1.7874999999999999,55.25,8.241666666666667,12.325000000000001,22.420832958333335,London
2024-06-08,19,10,13.75,78,58.5,15,9.0,0.1,11,1650,1016,44.125,0.8000006666666667,0.24685262499999996,139.41666666666666,8.262500000000001,1.0999999999999999,58.958333333333336,5.8374999999999995,9.116666666666667,23.583333083333333,London
2024-06-09,18,8,13.25,62,46.5,18,10.799999999999999,0.0,11,1650,1017,38.375,1.1482467083333334,0.3229877083333333,141.83333333333334,11.112499999999999,1.3375000000000001,56.666666666666664,5.491666666666667,8.683333333333334,22.666666541666668,London
2024-06-10,15,9,12.25,95,71.25,19,11.4,2.1,2,300,1015,92.375,0.40356895000000004,0.1610901111111111,141.58333333333334,11.354166666666666,1.1916666666666667,58.958333333333336,4.783333333333333,6.745833333333334,23.58333325,London
2024-06-11,15,7,10.75,78,58.5,15,9.0,0.5,6,900,1022,61.375,0.5431176363636364,0.1894174761904762,147.54166666666666,14.65,1.7166666666666668,49.833333333333336,6.720833333333334,8.754166666666666,19.933333375,London
2024-06-12,15,9,11.75,74,55.5,12,7.199999999999999,0.3,12,1800,1023,65.0,2.0275474166666663,0.45983120833333335,163.45833333333334,22.02916666666667,2.6999999999999997,51.0,11.445833333333333,14.391666666666666,22.22395825,London
2024-06-13,16,9,12.25,75,56.25,20,12.0,1.3,7,1050,1019,68.875,1.2571616666666667,0.3693139583333333,145.875,15.754166666666665,1.9000000000000001,59.291666666666664,7.816666666666666,10.883333333333333,26.875693583333334,London
2024-06-14,19,11,15.0,90,67.5,26,15.6,0.5,12,1800,1005,80.625,1.034944875,0.39269100000000007,128.125,9.370833333333334,1.1958333333333333,59.083333333333336,5.141666666666667,9.200000000000001,23.63333316666667,London
2024-06-15,18,9,13.25,81,60.75,29,17.4,0.7,10,1500,1003,58.0,1.0987900833333335,0.3338848181818182,124.45833333333333,7.175,0.9041666666666667,60.791666666666664,4.358333333333333,8.304166666666667,24.316666791666666,London
2024-06-16,19,10,14.5,78,58.5,20,12.0,0.3,10,1500,1005,70.375,0.9811359999999999,0.3674068181818182,126.66666666666667,7.858333333333333,1.1083333333333334,67.16666666666667,4.625,9.016666666666667,26.86666658333333,London
2024-06-17,21,10,16.0,77,57.75,17,10.2,0.0,13,1950,1013,40.5,1.5447065500000001,0.4373357894736842,136.70833333333334,15.2125,1.9458333333333335,60.666666666666664,5.841666666666666,9.362499999999999,24.822916625,London
2024-06-18,22,13,16.75,75,56.25,12,7.199999999999999,0.0,15,2250,1020,34.125,0.6940745416666667,0.20540434782608694,151.41666666666666,16.541666666666668,2.004166666666667,58.625,8.658333333333333,11.408333333333333,24.949166625,London
2024-06-19,21,11,15.5,81,60.75,18,10.799999999999999,0.0,17,2550,1023,35.875,0.6599966956521739,0.2162299047619048,128.875,9.758333333333333,1.1375,64.5,5.579166666666667,8.745833333333334,25.799999666666665,London
2024-06-20,21,10,15.75,73,54.75,14,8.4,0.0,17,2550,1024,21.375,0.7025682222222223,0.16342814285714286,137.875,16.587500000000002,1.9083333333333332,59.541666666666664,5.204166666666667,10.4,23.816666708333333,London
2024-06-21,23,12,17.5,62,46.5,18,10.799999999999999,0.1,13,1950,1017,37.125,1.4794497450465702,0.5096071954807737,156.75,23.191666666666666,2.8000000000000003,62.041666666666664,9.6,13.633333333333333,28.495416333333335,London
2024-06-22,20,13,16.5,86,64.5,17,10.2,0.4,6,900,1017,78.5,2.6258590434782607,0.5096071954807737,132.58333333333334,10.737499999999999,1.175,58.416666666666664,4.3374999999999995,7.0375000000000005,23.36666658333333,London
2024-06-23,26,13,19.0,73,54.75,8,4.8,0.0,17,2550,1021,5.5,2.2647277916666666,0.5096071954807737,160.20833333333334,16.970833333333335,2.029166666666667,57.083333333333336,8.0,12.966666666666667,22.872916625,London
2024-06-24,24,18,21.0,75,56.25,11,6.6,0.0,8,1200,1020,68.875,5.99659425,0.5096071954807737,169.79166666666666,23.829166666666666,3.1125000000000003,60.708333333333336,11.195833333333333,15.083333333333334,27.49305575,London
2024-06-25,28,16,21.75,65,48.75,12,7.199999999999999,0.0,17,2550,1018,8.75,2.7261962727272726,0.5096071954807737,188.08333333333334,27.145833333333332,3.533333333333333,77.16666666666667,15.450000000000001,21.083333333333332,38.03964670833333,London
2024-06-26,28,16,21.75,69,51.75,9,5.3999999999999995,0.0,12,1800,1015,40.75,1.9495770476190477,0.5096071954807737,175.5,22.179166666666664,2.841666666666667,94.375,16.691666666666666,22.254166666666666,44.801419958333334,London
2024-06-27,23,14,19.75,75,56.25,24,14.399999999999999,0.0,14,2100,1011,27.0,1.8760215,0.5096071954807737,142.79166666666666,12.237499999999999,1.6624999999999999,66.45833333333333,8.366666666666667,12.762500000000001,27.70243041666667,London
2024-06-28,21,13,16.75,70,52.5,18,10.799999999999999,0.0,17,2550,1019,26.375,2.2200467083333333,0.5096071954807737,130.125,10.179166666666667,1.3499999999999999,56.708333333333336,5.570833333333333,11.645833333333334,22.683333125,London
2024-06-29,25,12,17.75,66,49.5,8,4.8,0.0,12,1800,1018,52.5,1.2509577500000002,0.5096071954807737,144.33333333333334,14.233333333333334,1.8541666666666667,60.291666666666664,6.766666666666667,13.179166666666667,24.11666679166667,London
2024-06-30,20,16,17.5,72,54.0,12,7.199999999999999,0.0,8,1200,1016,81.125,0.5372198333333333,0.22862516666666666,134.75,10.833333333333334,1.2166666666666666,49.5,5.729166666666667,9.229166666666666,19.939236125,London
2024-07-01,21,13,16.25,68,51.0,18,10.799999999999999,0.0,8,1200,1018,72.625,0.790148,0.2966814583333333,131.125,10.708333333333334,1.2458333333333333,50.125,6.708333333333333,10.541666666666666,20.049999833333334,London
2024-07-02,17,12,14.5,72,54.0,18,10.799999999999999,0.0,6,900,1018,78.625,0.9126054583333333,0.28300639130434785,129.375,11.262500000000001,1.2125000000000001,50.416666666666664,6.6375,10.491666666666667,20.166666375000002,London
2024-07-03,17,12,13.5,91,68.25,15,9.0,1.2,3,450,1015,89.5,2.042600333333333,0.5946383333333333,133.70833333333334,15.725,1.2666666666666666,47.791666666666664,7.6125,10.383333333333333,19.25694425,London
2024-07-04,20,11,15.25,73,54.75,26,15.6,0.0,17,2550,1012,26.875,1.364983619047619,0.4056361428571429,121.58333333333333,7.983333333333333,0.9,60.041666666666664,6.3625,10.783333333333333,24.016666583333333,London
2024-07-05,18,13,15.5,95,71.25,15,9.0,2.9,1,150,1011,93.375,1.5079942857142856,0.49312814285714285,126.20833333333333,13.095833333333333,0.9791666666666666,42.291666666666664,5.2124999999999995,8.204166666666667,17.31145825,London
2024-07-06,15,12,14.25,96,72.0,30,18.0,1.5,7,1050,1009,72.5,1.256032625,0.415397125,117.33333333333333,7.179166666666667,0.6458333333333334,51.666666666666664,2.8958333333333335,4.416666666666667,20.666666541666668,London
2024-07-07,17,11,14.5,79,59.25,18,10.799999999999999,1.4,7,1050,1013,72.625,1.1655900000000001,0.38717579166666666,120.95833333333333,8.441666666666666,0.8458333333333333,46.75,3.3166666666666664,6.654166666666666,18.700000208333332,London
2024-07-08,18,10,13.75,86,64.5,10,6.0,1.2,9,1350,1016,68.625,1.537031,0.4448392608695652,136.0,17.416666666666668,1.675,40.041666666666664,7.204166666666667,10.225,16.260416583333335,London
2024-07-09,18,13,15.75,96,72.0,17,10.2,1.7,1,150,1013,99.625,1.8093938333333333,0.5010887391304347,133.75,14.549999999999999,1.0875000000000001,42.75,5.304166666666666,7.1625000000000005,17.211111125,London
2024-07-10,20,14,17.25,88,66.0,19,11.4,0.7,4,600,1017,73.25,1.4319952173913044,0.45612882608695654,121.29166666666667,11.091666666666667,1.2541666666666667,57.166666666666664,4.170833333333333,7.920833333333333,22.866666541666664,London
2024-07-11,20,12,16.0,79,59.25,10,6.0,0.0,11,1650,1019,44.875,1.0084344761904762,0.3259566666666667,129.70833333333334,12.758333333333333,1.3333333333333333,63.791666666666664,4.625,7.3625,25.516666583333333,London
2024-07-12,18,12,14.5,90,67.5,17,10.2,0.9,4,600,1017,87.5,0.4306529565217391,0.14943365217391305,121.875,9.799999999999999,1.0291666666666666,54.458333333333336,4.533333333333333,7.675,21.783333166666665,London
2024-07-13,19,12,14.75,78,58.5,9,5.3999999999999995,0.1,7,1050,1017,68.625,1.1523701666666666,0.32197916666666665,138.20833333333334,14.737499999999999,1.1791666666666667,52.791666666666664,6.6499999999999995,8.8375,21.224999874999998,London
2024-07-14,21,12,16.0,82,61.5,11,6.6,0.2,11,1650,1013,41.875,1.5039259999999999,0.464174125,148.375,16.258333333333333,1.4625000000000001,55.541666666666664,8.237499999999999,10.025,24.010763666666666,London
2024-07-15,22,13,16.0,92,69.0,15,9.0,0.9,7,1050,1013,53.375,1.7045825000000001,0.4740327083333334,159.20833333333334,24.0125,2.095833333333333,51.875,8.979166666666666,11.916666666666666,22.497916500000002,London
2024-07-16,20,13,15.5,89,66.75,21,12.6,0.9,5,750,1015,77.75,1.8092079999999997,0.5201554444444445,142.83333333333334,15.020833333333334,1.1791666666666667,59.916666666666664,4.904166666666667,6.4750000000000005,23.96666666666667,London
2024-07-17,23,13,18.5,81,60.75,8,4.8,0.1,10,1500,1021,40.25,1.63486115,0.4714963684210526,142.33333333333334,18.391666666666666,1.6458333333333333,59.0,8.512500000000001,10.762500000000001,23.818749874999998,London
2024-07-18,26,15,20.25,70,52.5,13,7.8,0.0,14,2100,1021,40.5,1.4794497450465702,0.5096071954807737,158.375,23.25,2.308333333333333,60.666666666666664,8.975,12.625,26.912153,London
2024-07-19,28,17,22.75,75,56.25,14,8.4,0.0,14,2100,1021,32.875,1.893122,0.5331315833333333,185.70833333333334,24.208333333333332,2.3833333333333333,70.58333333333333,12.2875,16.333333333333332,32.548471875,London
2024-07-20,23,17,19.25,83,62.25,21,12.6,1.3,3,450,1014,74.25,2.6663918333333334,0.5632426666666667,133.70833333333334,14.200000000000001,1.2375,46.583333333333336,6.870833333333334,10.3125,21.213888916666665,London
2024-07-21,22,16,19.75,87,65.25,15,9.0,0.1,8,1200,1014,65.375,0.9621495416666667,0.28987199999999996,132.58333333333334,9.916666666666666,0.9249999999999999,51.166666666666664,3.7083333333333335,5.620833333333334,20.970486125,London
2024-07-22,23,14,17.75,83,62.25,19,11.4,0.6,3,450,1017,66.875,1.2878035416666667,0.38399008333333323,142.33333333333334,11.725,1.25,50.416666666666664,6.05,9.762500000000001,20.166666583333335,London
2024-07-23,23,17,20.0,91,68.25,15,9.0,1.1,10,1500,1022,74.25,2.635834608695652,0.27533545833333334,151.54166666666666,13.095833333333333,1.2791666666666666,53.0,5.683333333333334,8.716666666666667,21.200000041666666,London
2024-07-24,24,16,19.5,81,60.75,18,10.799999999999999,0.2,10,1500,1022,53.5,1.9556004583333333,0.5086877826086956,167.95833333333334,22.59166666666667,1.8375000000000001,50.833333333333336,10.391666666666667,13.154166666666667,23.523958124999996,London
2024-07-25,20,16,17.5,95,71.25,17,10.2,3.0,1,150,1016,100.0,1.7492019499999998,0.495372,141.45833333333334,15.0625,1.3583333333333334,38.833333333333336,5.091666666666667,7.841666666666666,15.926388791666668,London
2024-07-26,24,14,18.75,85,63.75,17,10.2,0.0,15,2250,1013,49.0,1.846202,0.4999697916666667,150.29166666666666,12.979166666666666,1.2791666666666666,51.5,6.583333333333333,10.358333333333333,20.704166583333333,London
2024-07-27,23,14,17.75,72,54.0,12,7.199999999999999,0.0,14,2100,1019,31.25,1.3767632083333332,0.3168944166666667,145.875,14.0,1.2333333333333334,46.291666666666664,6.516666666666667,10.829166666666666,20.190972541666667,London
2024-07-28,26,14,20.0,74,55.5,4,2.4,0.0,15,2250,1026,9.75,1.9835894166666668,0.4719419166666667,171.0,18.520833333333332,1.7375,51.083333333333336,8.995833333333334,12.766666666666666,23.145138791666668,London
2024-07-29,28,16,21.5,65,48.75,12,7.199999999999999,0.0,15,2250,1024,12.875,1.5677717083333331,0.451688125,185.25,23.420833333333334,2.5124999999999997,69.875,12.804166666666667,18.212500000000002,32.33576408333333,London
2024-07-30,30,18,23.5,68,51.0,8,4.8,0.0,15,2250,1019,7.875,1.4933064999999999,0.4675669583333333,208.625,22.52916666666667,2.9166666666666665,87.95833333333333,19.329166666666666,26.829166666666666,42.024968666666666,London
2024-07-31,26,18,21.75,71,53.25,15,9.0,0.0,15,2250,1017,14.25,1.3075849166666667,0.41624058333333336,171.41666666666666,15.595833333333333,1.9166666666666667,92.0,13.25,20.175,40.83992958333334,London
2024-08-01,28,18,22.25,72,54.0,10,6.0,1.5,12,1800,1014,44.75,1.5226611666666667,0.5520548888888889,181.95833333333334,24.004166666666666,2.191666666666667,77.29166666666667,11.5625,16.154166666666665,32.728125291666665,London
2024-08-02,27,18,22.25,90,67.5,16,9.6,0.0,15,2250,1012,45.25,2.0751873333333335,0.5814369166666667,210.33333333333334,26.275000000000002,2.3874999999999997,60.708333333333336,18.366666666666667,22.141666666666666,35.771596708333334,London
2024-08-03,25,17,20.25,82,61.5,18,10.799999999999999,0.3,7,1050,1014,60.5,1.057176625,0.34668660869565215,155.16666666666666,10.595833333333333,1.0625,54.0,6.358333333333333,10.762500000000001,26.57083245833333,London
2024-08-04,21,15,17.5,63,47.25,9,5.3999999999999995,0.0,15,2250,1016,30.125,1.2247097916666665,0.389934652173913,144.95833333333334,12.262500000000001,1.5916666666666668,50.5,8.441666666666666,14.591666666666667,20.482638666666666,London
2024-08-05,26,14,20.0,78,58.5,18,10.799999999999999,0.0,15,2250,1015,4.125,1.5487731666666666,0.37562841666666663,140.54166666666666,11.895833333333334,1.675,60.75,9.204166666666667,14.341666666666667,24.300000083333334,London
2024-08-06,23,16,19.5,80,60.0,17,10.2,1.1,8,1200,1011,43.375,1.835386083333333,0.46846134782608695,147.5,15.333333333333334,1.425,47.583333333333336,6.904166666666666,10.520833333333334,19.523264208333334,London
2024-08-07,22,14,18.0,76,57.0,19,11.4,0.0,11,1650,1015,30.875,1.8175660869565216,0.48567265217391303,149.5,13.6625,1.4291666666666665,50.583333333333336,7.808333333333334,14.358333333333334,20.352430625,London
2024-08-08,22,14,17.5,80,60.0,21,12.6,0.0,5,750,1016,61.25,1.9105834736842104,0.42234840000000007,149.54166666666666,11.387500000000001,1.2583333333333333,54.083333333333336,6.845833333333334,12.950000000000001,21.64791679166667,London
2024-08-09,24,18,20.75,78,58.5,19,11.4,0.0,13,1950,1018,49.625,1.6941787083333333,0.46511375,168.875,9.458333333333334,1.0166666666666668,62.541666666666664,5.658333333333334,9.533333333333333,25.016666375,London
2024-08-10,23,16,19.0,73,54.75,18,10.799999999999999,0.0,5,750,1020,54.25,1.9513335833333334,0.596566125,173.41666666666666,12.795833333333334,1.3458333333333332,49.416666666666664,6.4875,11.591666666666667,20.458333208333332,London
2024-08-11,26,17,21.5,83,62.25,17,10.2,0.0,14,2100,1021,22.25,1.4633969166666667,0.41334273913043473,178.83333333333334,15.766666666666666,1.5374999999999999,48.083333333333336,8.025,11.125,20.74444425,London
2024-08-12,33,19,25.25,82,61.5,17,10.2,0.0,15,2250,1015,8.625,2.0323594166666665,0.5607213333333334,182.625,17.325,2.0375,70.83333333333333,9.983333333333333,14.945833333333333,30.542708666666666,London
2024-08-13,27,17,21.25,66,49.5,17,10.2,0.0,13,1950,1011,13.375,2.323467958333333,0.5795802083333333,176.25,15.604166666666666,1.875,54.958333333333336,5.566666666666666,10.137500000000001,23.691667,London
2024-08-14,23,18,20.25,77,57.75,11,6.6,0.0,1,150,1017,65.625,1.7105394,0.4287358,181.41666666666666,23.133333333333336,2.3333333333333335,45.916666666666664,7.016666666666667,10.5,19.587499833333332,London
2024-08-15,23,15,19.25,64,48.0,24,14.399999999999999,0.0,9,1350,1016,48.25,1.5560976818181815,0.4621776363636364,164.41666666666666,14.420833333333334,1.55,47.25,7.575,11.9625,19.71354141666667,London
2024-08-16,26,17,21.25,90,67.5,9,5.3999999999999995,0.8,13,1950,1015,37.5,1.6197865416666666,0.43815200000000004,173.20833333333334,16.604166666666668,1.825,53.25,6.925,10.904166666666667,21.740277833333334,London
2024-08-17,24,15,19.25,61,45.75,9,5.3999999999999995,0.0,15,2250,1015,0.625,1.078062375,0.3417350869565217,172.95833333333334,12.8375,1.3833333333333335,60.25,7.208333333333333,11.308333333333332,24.2635415,London
2024-08-18,24,15,18.75,69,51.75,15,9.0,0.0,15,2250,1017,7.0,0.900212625,0.34927875,197.0,10.029166666666667,1.175,59.583333333333336,12.012500000000001,18.55,24.138194291666665,London
2024-08-19,24,16,19.0,59,44.25,21,12.6,0.0,15,2250,1018,17.625,1.8797362083333333,0.8201306666666667,282.25,16.841666666666665,2.1708333333333334,55.666666666666664,24.34583333333333,30.40833333333333,38.689579625,London
2024-08-20,21,15,18.5,91,68.25,25,15.0,0.4,9,1350,1013,63.25,1.1024698333333334,0.379884375,176.25,9.0125,1.0416666666666667,60.208333333333336,7.933333333333334,12.25,37.956941875,London
2024-08-21,22,12,16.75,69,51.75,21,12.6,0.0,12,1800,1018,33.125,1.55836675,0.5153903,165.25,10.174999999999999,1.325,50.291666666666664,7.2749999999999995,13.262500000000001,20.116666458333334,London
2024-08-22,19,15,17.0,82,61.5,26,15.6,0.1,4,600,1013,59.0,0.9795242500000002,0.3983959130434782,167.54166666666666,9.608333333333333,1.2041666666666666,59.833333333333336,7.8374999999999995,15.308333333333332,23.93333275,London
2024-08-23,22,16,19.0,85,63.75,31,18.599999999999998,0.0,12,1800,1008,45.25,1.22519075,0.48469891666666665,176.29166666666666,9.470833333333333,1.1583333333333334,63.333333333333336,5.066666666666666,10.591666666666667,25.333333749999998,London
2024-08-24,19,13,15.75,92,69.0,12,7.199999999999999,4.1,3,450,1012,74.0,1.355216875,0.5276370833333334,197.875,19.175,1.5374999999999999,53.916666666666664,4.3875,8.083333333333334,21.62291679166667,London
2024-08-25,20,11,14.75,79,59.25,24,14.399999999999999,0.0,9,1350,1019,42.875,1.0701222083333335,0.3535324166666667,169.45833333333334,7.816666666666666,1.0416666666666667,55.458333333333336,5.854166666666667,10.770833333333334,22.183333291666667,London
2024-08-26,24,14,17.75,86,64.5,19,11.4,0.0,13,1950,1020,16.875,1.1517793333333335,0.4131026666666667,197.33333333333334,11.179166666666667,1.3625,64.54166666666667,10.258333333333333,17.45416666666667,25.816666916666666,London
2024-08-27,25,15,19.25,83,62.25,18,10.799999999999999,0.0,13,1950,1020,18.375,1.6464621666666666,0.4682234166666667,193.95833333333334,16.533333333333335,2.191666666666667,63.166666666666664,11.75,16.695833333333333,26.117013208333333,London
2024-08-28,27,17,21.5,66,49.5,16,9.6,0.1,12,1800,1017,39.75,2.5325718999999998,0.7834978421052632,229.29166666666666,27.604166666666668,2.9791666666666665,57.458333333333336,13.504166666666668,18.6375,30.802429958333335,London
2024-08-29,23,15,18.5,81,60.75,13,7.8,0.0,13,1950,1020,9.125,1.5018800869565216,0.5354988695652174,216.79166666666666,15.691666666666668,2.1374999999999997,53.916666666666664,9.679166666666667,14.325000000000001,25.007639166666667,London
2024-08-30,23,15,18.0,64,48.0,11,6.6,0.0,10,1500,1024,32.25,1.0947488333333333,0.45840620833333334,227.41666666666666,17.683333333333334,2.154166666666667,54.208333333333336,10.216666666666667,14.299999999999999,25.595138541666667,London
2024-08-31,21,15,17.0,77,57.75,19,11.4,0.1,5,750,1024,74.25,0.5694034782608695,0.2833442173913044,200.04166666666666,9.133333333333333,1.0541666666666667,65.54166666666667,6.7250000000000005,12.708333333333334,26.21666654166667,London
2024-09-01,24,17,19.5,92,69.0,15,9.0,1.6,8,1200,1018,55.125,1.2068207916666667,0.5150726666666666,231.58333333333334,17.3,2.65,69.58333333333333,15.670833333333334,22.287499999999998,28.645486458333334,London
2024-09-02,21,18,19.25,95,71.25,19,11.4,0.1,6,900,1010,68.625,2.207082625,0.5871269166666666,215.45833333333334,19.6375,2.3291666666666666,61.875,13.504166666666668,17.258333333333333,34.96701433333333,London
2024-09-03,23,16,18.75,89,66.75,16,9.6,0.2,9,1350,1016,50.0,1.5004942083333332,0.5390057083333334,195.79166666666666,19.5125,2.4499999999999997,51.666666666666664,7.279166666666666,11.020833333333334,21.934027291666666,London
2024-09-04,19,14,16.0,76,57.0,14,8.4,2.4,6,900,1018,70.125,1.1170968947368423,0.3691657222222222,213.95833333333334,19.895833333333332,2.975,45.666666666666664,14.166666666666666,16.908333333333335,23.097916416666667,London
2024-09-05,17,14,15.5,97,72.75,12,7.199999999999999,3.1,1,150,1016,89.25,0.9017731666666666,0.3466906666666667,196.375,11.441666666666668,1.5208333333333333,69.79166666666667,10.362499999999999,16.079166666666666,29.584373708333334,London
2024-09-06,20,16,17.25,98,73.5,9,5.3999999999999995,0.8,1,150,1011,84.375,2.9814740000000004,0.831713875,266.4166666666667,36.770833333333336,3.65,47.833333333333336,19.8125,25.291666666666668,35.297220333333335,London
2024-09-07,23,15,17.5,83,62.25,15,9.0,0.6,10,1500,1013,54.25,2.6631164166666665,0.8653005,255.54166666666666,28.3125,3.7583333333333333,58.583333333333336,14.258333333333333,16.8125,35.72534683333333,London
2024-09-08,19,15,16.5,92,69.0,17,10.2,7.9,3,450,1005,84.75,1.8289962916666667,0.5894556249999999,209.58333333333334,17.599999999999998,1.8916666666666666,65.875,5.370833333333334,6.675,27.260069625,London
2024-09-09,17,13,15.75,82,61.5,20,12.0,0.0,4,600,1014,75.625,1.0387359583333333,0.37552,193.0,13.299999999999999,1.6416666666666666,54.708333333333336,6.966666666666666,10.195833333333333,21.883333124999996,London
2024-09-10,18,11,14.25,82,61.5,22,13.2,1.5,2,300,1013,77.625,1.9273337083333333,0.5194664583333334,185.58333333333334,11.825000000000001,1.4333333333333333,49.625,7.7875000000000005,12.404166666666667,19.849999916666665,London
2024-09-11,14,9,10.75,78,58.5,19,11.4,0.7,8,1200,1010,33.875,1.3865431000000001,0.35019239999999996,185.66666666666666,9.112499999999999,1.1708333333333334,49.458333333333336,4.375,8.641666666666667,19.78333329166667,London
2024-09-12,14,8,10.75,76,57.0,16,9.6,0.2,7,1050,1022,34.5,0.9703392857142857,0.31616626086956523,197.08333333333334,13.491666666666667,1.6833333333333333,40.833333333333336,5.216666666666667,8.791666666666666,16.608333375,London
2024-09-13,16,8,11.5,70,52.5,12,7.199999999999999,0.0,12,1800,1031,14.0,2.329742375,0.6778857916666667,221.70833333333334,22.454166666666666,2.891666666666667,40.041666666666664,8.033333333333333,12.029166666666667,19.4681945,London
2024-09-14,18,10,13.25,70,52.5,9,5.3999999999999995,0.0,13,1950,1031,11.875,3.0795888750000002,0.8394737083333333,243.04166666666666,28.083333333333332,3.3249999999999997,37.875,10.85,15.5,23.338473041666663,London
2024-09-15,20,11,14.75,72,54.0,14,8.4,0.0,13,1950,1029,17.0,2.136084125,0.4727573913043478,206.83333333333334,18.941666666666666,2.1750000000000003,55.833333333333336,9.433333333333334,13.591666666666667,24.35520825,London
2024-09-16,20,12,15.5,82,61.5,14,8.4,0.0,13,1950,1031,18.0,0.7465906521739131,0.2644208333333333,182.29166666666666,13.220833333333333,1.9875,49.125,6.916666666666667,9.887500000000001,20.54409670833333,London
2024-09-17,21,12,15.5,88,66.0,19,11.4,0.0,13,1950,1031,18.375,0.592312,0.22272121739130438,170.70833333333334,11.170833333333334,1.4166666666666667,56.5,4.316666666666667,8.291666666666666,22.600000124999998,London
2024-09-18,24,13,17.25,94,70.5,20,12.0,0.0,13,1950,1029,28.625,0.5523177222222222,0.24660584210526315,178.08333333333334,11.283333333333333,1.6083333333333334,67.41666666666667,8.666666666666666,14.791666666666666,26.96666675,London
2024-09-19,24,15,18.75,92,69.0,22,13.2,0.0,13,1950,1026,24.625,0.6597345,0.37552433333333335,193.91666666666666,13.0625,2.220833333333333,67.75,13.741666666666667,19.704166666666666,28.568749291666666,London
2024-09-20,22,16,18.0,77,57.75,20,12.0,0.0,13,1950,1023,33.75,0.9310729999999999,0.4698237916666666,199.0,13.1875,2.2583333333333333,70.33333333333333,15.820833333333333,22.2375,29.937152708333333,London
2024-09-21,24,15,18.75,95,71.25,15,9.0,0.1,11,1650,1019,51.25,1.536610125,0.6210551666666667,227.70833333333334,20.3875,2.5541666666666667,63.666666666666664,19.45,23.620833333333334,36.963542708333335,London
2024-09-22,20,16,17.75,85,63.75,13,7.8,4.8,1,150,1015,86.5,1.4647827083333336,0.5458434583333334,221.0,23.695833333333336,1.8625,54.833333333333336,10.433333333333334,12.441666666666668,29.965624958333333,London
2024-09-23,20,14,16.5,94,70.5,13,7.8,0.1,7,1050,1008,64.75,1.6438575,0.5594267083333333,218.04166666666666,22.504166666666666,1.8833333333333335,43.875,6.083333333333333,7.158333333333334,20.847569375,London
2024-09-24,17,13,14.5,91,68.25,15,9.0,0.5,4,600,1005,92.125,1.3609934166666668,0.4651338333333333,193.16666666666666,18.0625,2.1041666666666665,56.166666666666664,11.504166666666668,14.5875,22.735763916666667,London
2024-09-25,16,12,13.75,89,66.75,12,7.199999999999999,0.9,4,600,1004,88.625,1.617938,0.4124981,187.45833333333334,22.420833333333334,2.6125000000000003,53.333333333333336,7.7250000000000005,10.354166666666666,23.32916708333333,London
2024-09-26,17,12,14.0,97,72.75,17,10.2,5.6,3,450,991,82.375,1.4794497450465702,0.5096071954807737,176.375,18.283333333333335,1.6416666666666666,49.208333333333336,4.145833333333333,7.429166666666667,19.844444208333332,London
2024-09-27,13,9,11.0,85,63.75,23,13.799999999999999,4.2,5,750,1015,74.625,0.558705,0.2921163333333333,181.66666666666666,13.283333333333333,1.3875,49.0,4.504166666666666,8.075000000000001,19.599999916666665,London
2024-09-28,14,7,9.75,75,56.25,12,7.199999999999999,0.0,11,1650,1027,20.75,1.6673505833333333,0.5592837826086957,211.33333333333334,21.491666666666664,2.595833333333333,40.916666666666664,7.370833333333334,10.929166666666667,20.641666583333333,London
2024-09-29,14,9,11.0,64,48.0,19,11.4,0.4,9,1350,1027,35.25,1.1539410869565219,0.37432920833333333,197.5,15.720833333333333,1.8916666666666666,53.958333333333336,6.445833333333333,9.529166666666667,24.237985958333336,London
2024-09-30,16,12,14.5,97,72.75,24,14.399999999999999,1.8,1,150,1008,100.0,1.4794497450465702,0.5096071954807737,170.70833333333334,12.0375,1.1916666666666667,50.291666666666664,3.1999999999999997,5.391666666666667,20.116666625,London
2024-10-01,14,11,12.25,86,64.5,20,12.0,0.2,1,150,1013,100.0,1.4794497450465702,0.5096071954807737,187.33333333333334,14.545833333333333,1.6916666666666667,43.791666666666664,4.375,6.4624999999999995,17.535416625,London
2024-10-02,16,12,13.5,91,68.25,21,12.6,0.4,2,300,1019,92.25,1.4794497450465702,0.5096071954807737,188.83333333333334,13.066666666666668,1.8833333333333335,45.5,5.4750000000000005,10.245833333333334,18.199999791666666,London
2024-10-03,16,11,13.5,73,54.75,16,9.6,0.0,11,1650,1023,47.875,2.327018583333333,0.7348310833333334,195.04166666666666,23.150000000000002,3.358333333333333,48.333333333333336,6.641666666666667,12.533333333333333,22.982083333333335,London
2024-10-04,16,10,12.75,76,57.0,8,4.8,0.0,11,1650,1022,24.875,2.5831555833333333,0.8500195,251.20833333333334,41.295833333333334,7.170833333333333,29.708333333333332,13.766666666666666,19.349999999999998,23.881528,London
2024-10-05,16,10,12.5,80,60.0,18,10.799999999999999,0.0,11,1650,1020,28.625,1.3065906250000001,0.47069425000000004,212.125,21.71666666666667,3.5124999999999997,48.458333333333336,11.216666666666667,14.091666666666667,28.985765041666667,London
2024-10-06,16,13,13.75,84,63.0,17,10.2,2.5,1,150,1007,80.5,1.1256125,0.41823699999999997,168.41666666666666,13.4,1.9291666666666665,51.666666666666664,5.1375,7.816666666666666,20.666666458333335,London
2024-10-07,18,12,14.25,90,67.5,19,11.4,0.4,9,1350,1000,50.25,1.4216792916666667,0.41909404166666664,161.79166666666666,18.733333333333334,2.6750000000000003,48.75,7.545833333333333,12.316666666666668,19.968749833333334,London
2024-10-08,17,13,14.5,90,67.5,22,13.2,0.6,4,600,995,83.0,1.3786094999999998,0.3459295652173913,156.66666666666666,15.2125,2.120833333333333,51.25,4.7625,8.487499999999999,20.868749833333332,London
2024-10-09,15,12,14.25,87,65.25,18,10.799999999999999,0.6,1,150,990,89.75,1.4794497450465702,0.5096071954807737,169.625,16.991666666666667,2.3625000000000003,41.083333333333336,5.704166666666667,8.533333333333333,17.13124995833333,London
2024-10-10,12,8,10.25,82,61.5,18,10.799999999999999,1.1,1,150,1014,92.5,1.4794497450465702,0.5096071954807737,183.83333333333334,20.162499999999998,2.6750000000000003,47.333333333333336,6.458333333333333,11.9375,22.417083416666667,London
2024-10-11,12,7,9.25,71,53.25,5,3.0,0.0,11,1650,1018,7.0,1.4794497450465702,0.5096071954807737,274.0833333333333,44.541666666666664,8.362499999999999,19.958333333333332,18.708333333333332,25.34166666666667,27.008819125,London
2024-10-12,16,8,10.25,77,57.75,15,9.0,0.2,6,900,1015,47.375,1.4794497450465702,0.5096071954807737,179.54166666666666,17.420833333333334,2.2583333333333333,53.916666666666664,6.858333333333333,9.579166666666667,28.579166458333333,London
2024-10-13,10,7,8.5,69,51.75,11,6.6,0.0,9,1350,1022,38.5,1.4794497450465702,0.5096071954807737,197.83333333333334,24.516666666666666,3.8000000000000003,41.333333333333336,5.866666666666667,10.916666666666666,21.61208320833333,London
2024-10-14,15,7,10.0,77,57.75,7,4.2,0.1,11,1650,1022,30.625,1.4794497450465702,0.5096071954807737,198.41666666666666,29.8875,3.1041666666666665,35.125,7.129166666666666,9.612499999999999,17.579166666666666,London
2024-10-15,16,10,12.5,90,67.5,10,6.0,0.0,5,750,1018,86.125,1.4794497450465702,0.5096071954807737,222.08333333333334,33.09166666666667,4.204166666666667,26.291666666666668,14.237499999999999,17.345833333333335,22.299651708333332,London
2024-10-16,21,14,16.5,96,72.0,19,11.4,0.6,3,450,1006,88.5,1.4794497450465702,0.5096071954807737,151.79166666666666,18.2875,2.6083333333333334,40.916666666666664,7.7875000000000005,11.200000000000001,23.07708445833333,London
2024-10-17,17,13,15.5,90,67.5,14,8.4,0.3,11,1650,1015,38.75,1.4794497450465702,0.5096071954807737,181.16666666666666,29.616666666666664,4.154166666666667,29.208333333333332,8.583333333333334,12.637500000000001,18.946597333333333,London
2024-10-18,17,11,13.0,89,66.75,9,5.3999999999999995,0.0,10,1500,1016,6.75,1.4794497450465702,0.5096071954807737,222.16666666666666,32.770833333333336,4.75,24.625,13.108333333333334,20.7375,26.205485916666664,London
2024-10-19,14,11,13.5,94,70.5,13,7.8,2.5,4,600,1016,78.125,1.4794497450465702,0.5096071954807737,183.375,21.5625,2.658333333333333,48.583333333333336,7.6375,12.491666666666667,23.605486291666665,London
2024-10-20,17,12,14.0,90,67.5,33,19.8,0.4,1,150,1016,68.875,1.4794497450465702,0.5096071954807737,156.16666666666666,11.283333333333333,1.5208333333333333,60.25,6.825,14.0,24.347916583333333,London
2024-10-21,15,11,13.0,74,55.5,17,10.2,0.0,5,750,1025,58.875,1.4794497450465702,0.5096071954807737,195.5,28.979166666666668,3.8708333333333336,31.625,10.841666666666667,22.008333333333336,20.910556083333333,London
2024-10-22,16,10,12.5,87,65.25,18,10.799999999999999,0.1,5,750,1032,51.375,1.4794497450465702,0.5096071954807737,206.875,32.275,4.3,29.291666666666668,12.375,18.25,25.72868191666667,London
2024-10-23,16,11,12.75,98,73.5,13,7.8,0.0,6,900,1032,56.75,1.4794497450465702,0.5096071954807737,215.20833333333334,35.7875,5.158333333333333,26.791666666666668,16.1125,23.116666666666664,31.00381966666667,London
2024-10-24,16,10,13.0,88,66.0,18,10.799999999999999,0.0,10,1500,1025,9.5,1.3144136666666666,0.5096071954807737,201.54166666666666,25.308333333333334,3.779166666666667,38.25,12.145833333333334,15.470833333333333,25.304375083333337,London
2024-10-25,15,10,12.25,83,62.25,12,7.199999999999999,2.3,3,450,1014,82.5,2.596187625,0.5096071954807737,204.58333333333334,34.925000000000004,5.083333333333333,22.875,11.4375,14.745833333333332,25.247359916666667,London
2024-10-26,12,8,9.75,89,66.75,15,9.0,0.0,10,1500,1020,49.875,3.277255708333333,0.5096071954807737,272.75,44.775,7.9875,8.125,18.258333333333333,23.724999999999998,29.496874416666667,London
2024-10-27,15,12,12.75,91,68.25,15,9.0,0.2,1,150,1024,91.875,1.7195421666666666,0.6732996,220.41666666666666,32.6625,4.558333333333334,29.166666666666668,13.0,17.908333333333335,31.918750166666666,London
2024-10-28,17,11,13.75,80,60.0,17,10.2,0.0,5,750,1024,75.5,1.3774143809523811,0.5124596842105263,165.75,20.716666666666665,2.595833333333333,45.75,7.158333333333334,9.829166666666667,20.380555375,London
2024-10-29,15,14,14.25,88,66.0,7,4.2,0.0,3,450,1026,75.0,1.9780280000000001,0.5502206086956523,187.75,30.554166666666664,4.404166666666667,19.0,11.658333333333333,15.770833333333334,18.850277708333333,London
2024-10-30,16,10,12.25,91,68.25,6,3.5999999999999996,0.0,10,1500,1029,8.25,0.94735925,0.371694619047619,215.375,36.56666666666667,6.541666666666667,14.125,15.129166666666668,20.033333333333335,26.878821333333335,London
2024-10-31,17,10,13.0,96,72.0,4,2.4,0.0,10,1500,1029,11.875,2.266504263157895,0.7504111764705881,287.875,46.19166666666666,9.825000000000001,5.375,24.491666666666664,30.566666666666666,41.323259875,London
2024-11-01,15,10,12.0,85,63.75,14,8.4,0.0,7,1050,1033,33.75,1.5068805,0.6007025652173913,280.7916666666667,41.52916666666667,8.520833333333334,9.375,25.575,29.045833333333334,61.5430565,London
2024-11-02,12,8,9.75,71,53.25,12,7.199999999999999,0.0,10,1500,1037,12.25,1.057365619047619,0.51122445,202.16666666666666,34.862500000000004,6.1375,12.708333333333334,13.083333333333334,16.458333333333332,40.340346458333336,London
2024-11-03,14,9,11.0,91,68.25,13,7.8,0.0,10,1500,1030,6.25,1.5362522272727275,0.6822767272727273,224.54166666666666,33.31666666666667,6.141666666666667,18.416666666666668,14.3375,21.045833333333334,24.426736583333334,London
2024-11-04,14,9,11.25,86,64.5,11,6.6,0.0,8,1200,1027,16.0,1.7681641666666668,0.7151360869565216,274.7916666666667,41.42916666666667,8.7875,10.833333333333334,23.65833333333333,27.866666666666664,37.80104020833333,London
2024-11-05,15,10,12.0,76,57.0,3,1.7999999999999998,0.0,6,900,1024,40.375,1.9475148695652174,1.0120729565217392,358.5,50.40416666666667,13.291666666666666,4.625,34.53333333333333,43.333333333333336,62.47013929166667,London
2024-11-06,16,11,12.75,88,66.0,4,2.4,0.0,9,1350,1030,16.125,1.9904811875,1.1190470000000001,300.7083333333333,59.362500000000004,13.120833333333332,6.583333333333333,33.449999999999996,43.333333333333336,69.00847191666666,London
2024-11-07,16,11,12.25,85,63.75,10,6.0,0.0,9,1350,1029,3.875,1.4794497450465702,0.5096071954807737,276.25,44.0875,8.995833333333334,11.458333333333334,29.09583333333333,36.90833333333333,64.887636375,London
2024-11-08,14,9,11.0,78,58.5,8,4.8,0.0,9,1350,1025,4.875,1.4794497450465702,0.5096071954807737,297.0833333333333,40.145833333333336,7.695833333333333,13.166666666666666,30.162499999999998,36.24583333333333,62.99055716666667,London
2024-11-09,12,7,8.75,86,64.5,3,1.7999999999999998,0.0,9,1350,1026,2.375,1.4794497450465702,0.5096071954807737,292.8333333333333,43.041666666666664,9.408333333333333,10.5,30.929166666666664,37.8125,64.35541829166667,London
2024-11-10,12,9,10.25,78,58.5,6,3.5999999999999996,0.0,1,150,1030,78.375,1.4794497450465702,0.5096071954807737,331.625,47.77916666666667,10.8375,5.25,33.84166666666667,41.5375,67.44361033333333,London
2024-11-11,11,7,10.5,72,54.0,12,7.199999999999999,0.0,7,1050,1038,47.375,1.4794497450465702,0.5096071954807737,192.79166666666666,24.40833333333333,4.070833333333334,33.291666666666664,12.233333333333334,17.004166666666666,46.013472166666666,London
2024-11-12,11,6,8.0,90,67.5,19,11.4,0.0,1,150,1036,71.5,1.4794497450465702,0.5096071954807737,175.79166666666666,17.066666666666666,2.625,46.833333333333336,9.245833333333334,15.15,21.399306041666666,London
2024-11-13,11,8,9.0,86,64.5,10,6.0,0.0,9,1350,1035,42.625,1.4794497450465702,0.5096071954807737,207.83333333333334,34.82083333333333,4.220833333333333,25.291666666666668,11.445833333333333,16.841666666666665,21.181249916666665,London
2024-11-14,12,8,9.25,83,62.25,12,7.199999999999999,0.0,9,1350,1033,51.25,1.4794497450465702,0.5096071954807737,189.58333333333334,37.30833333333333,3.2416666666666667,23.125,12.987499999999999,18.283333333333335,28.562292624999998,London
2024-11-15,10,6,7.5,93,69.75,6,3.5999999999999996,0.0,4,600,1031,62.625,1.4794497450465702,0.5096071954807737,261.875,60.10833333333333,8.054166666666667,8.625,18.679166666666667,26.96666666666667,30.856041791666666,London
2024-11-16,9,5,7.25,89,66.75,10,6.0,0.3,4,600,1023,55.25,1.4794497450465702,0.5096071954807737,185.08333333333334,32.324999999999996,2.620833333333333,28.375,13.662500000000001,17.45416666666667,36.45138933333333,London
2024-11-17,9,5,8.0,76,57.0,18,10.799999999999999,0.0,5,750,1017,64.5,1.4794497450465702,0.5096071954807737,162.04166666666666,16.820833333333333,1.575,54.833333333333336,5.204166666666667,8.308333333333334,22.156944541666665,London
2024-11-18,11,4,7.5,95,71.25,24,14.399999999999999,3.1,1,150,1018,84.75,3.066223357142857,0.8566281538461538,195.08333333333334,37.90833333333333,3.5083333333333333,25.5,9.595833333333333,11.670833333333334,21.233194583333333,London
2024-11-19,6,2,3.5,94,70.5,17,10.2,0.1,8,1200,1009,71.375,1.422030125,0.5091285714285714,172.54166666666666,26.204166666666666,2.2875,39.791666666666664,4.891666666666667,6.620833333333334,19.559653041666667,London
2024-11-20,5,1,2.75,72,54.0,17,10.2,0.0,7,1050,1010,27.0,1.8355188749999998,0.6487710000000001,182.08333333333334,28.462500000000002,2.85,39.541666666666664,7.145833333333333,9.9625,20.36666633333333,London
2024-11-21,4,1,2.0,70,52.5,14,8.4,0.0,8,1200,1010,12.5,1.4794497450465702,0.5096071954807737,220.45833333333334,47.40416666666667,6.233333333333333,18.958333333333332,11.8375,17.404166666666665,23.972639125,London
2024-11-22,6,2,4.0,67,50.25,23,13.799999999999999,0.0,8,1200,1015,32.0,1.4794497450465702,0.5096071954807737,184.66666666666666,28.495833333333334,2.5458333333333334,42.041666666666664,5.991666666666667,9.345833333333333,24.754375041666666,London
2024-11-23,12,3,6.75,88,66.0,31,18.599999999999998,1.9,1,150,1016,93.125,1.4794497450465702,0.5096071954807737,163.16666666666666,17.733333333333334,1.425,50.5,5.604166666666667,8.916666666666666,24.262083083333334,London
2024-11-24,16,12,15.0,81,60.75,40,24.0,1.3,3,450,998,93.5,1.4794497450465702,0.5096071954807737,127.04166666666667,6.204166666666667,0.7083333333333334,64.08333333333333,7.283333333333334,19.129166666666666,25.63333295833333,London
2024-11-25,11,7,9.5,79,59.25,24,14.399999999999999,1.5,8,1200,1011,49.125,1.4794497450465702,0.5096071954807737,151.33333333333334,16.291666666666668,1.6083333333333334,63.125,4.270833333333333,9.029166666666667,25.250000166666666,London
2024-11-26,9,6,7.5,77,57.75,15,9.0,0.0,8,1200,1017,26.875,1.4794497450465702,0.5096071954807737,224.58333333333334,42.61666666666667,5.0249999999999995,34.75,9.770833333333334,15.829166666666666,26.919583208333332,London
2024-11-27,7,4,5.5,94,70.5,19,11.4,1.2,1,150,1022,81.125,1.4794497450465702,0.5096071954807737,191.625,33.916666666666664,2.575,32.708333333333336,7.508333333333333,9.895833333333334,22.378680666666668,London
2024-11-28,6,3,4.25,89,66.75,5,3.0,0.0,6,900,1029,21.75,1.4794497450465702,0.5096071954807737,272.25,56.1875,7.2124999999999995,7.916666666666667,18.916666666666668,26.6375,28.917709000000002,London
2024-11-29,8,5,6.5,77,57.75,16,9.6,0.0,8,1200,1029,21.25,1.4794497450465702,0.5096071954807737,195.66666666666666,33.925000000000004,2.9166666666666665,36.375,9.041666666666666,12.612499999999999,28.95388875,London
2024-11-30,11,8,9.25,95,71.25,9,5.3999999999999995,0.0,5,750,1025,57.0,1.4794497450465702,0.5096071954807737,167.25,25.8625,1.9625000000000001,37.416666666666664,7.895833333333333,12.216666666666667,17.547222166666668,London
2024-12-01,14,10,11.75,94,70.5,21,12.6,0.3,1,150,1020,80.875,1.4794497450465702,0.5096071954807737,153.70833333333334,15.966666666666667,1.7249999999999999,50.875,6.429166666666667,9.454166666666667,20.34999995833333,London
2024-12-02,12,7,9.25,90,67.5,17,10.2,0.3,2,300,1020,81.375,1.4794497450465702,0.5096071954807737,162.375,15.504166666666668,1.9041666666666668,52.458333333333336,4.154166666666667,6.6000000000000005,20.983333541666667,London
2024-12-03,6,3,4.5,73,54.75,9,5.3999999999999995,0.0,8,1200,1025,30.75,1.4794497450465702,0.5096071954807737,273.7916666666667,45.479166666666664,10.066666666666666,17.208333333333332,12.604166666666666,22.3875,23.302499916666665,London
2024-12-04,10,5,6.75,86,64.5,9,5.3999999999999995,0.1,3,450,1025,87.0,1.4794497450465702,0.5096071954807737,252.625,46.791666666666664,5.929166666666667,16.333333333333332,14.658333333333333,19.958333333333332,33.95229204166667,London
2024-12-05,13,9,11.75,97,72.75,22,13.2,3.2,1,150,1020,100.0,1.4794497450465702,0.5096071954807737,135.16666666666666,14.083333333333334,1.4625000000000001,60.541666666666664,3.095833333333333,4.745833333333334,24.41701408333333,London
2024-12-06,9,6,7.0,69,51.75,27,16.2,0.0,8,1200,1019,38.25,1.4794497450465702,0.5096071954807737,155.58333333333334,20.183333333333334,2.2875,56.541666666666664,3.904166666666667,8.012500000000001,24.32041658333333,London
2024-12-07,12,5,8.25,85,63.75,35,21.0,3.7,1,150,999,97.75,1.4794497450465702,0.5096071954807737,137.83333333333334,5.804166666666667,0.6375,69.33333333333333,1.6666666666666667,3.2875,27.733333333333334,London
2024-12-08,8,6,7.5,88,66.0,34,20.4,0.7,1,150,1026,100.0,1.4794497450465702,0.5096071954807737,181.875,6.516666666666667,0.8583333333333334,47.5,2.7708333333333335,5.075,19.000000083333333,London
2024-12-09,8,7,7.25,82,61.5,24,14.399999999999999,0.2,1,150,1031,98.875,1.4794497450465702,0.5096071954807737,186.20833333333334,9.891666666666667,1.6500000000000001,48.041666666666664,5.254166666666666,9.616666666666665,19.2166665,London
2024-12-10,8,7,7.75,85,63.75,21,12.6,0.0,1,150,1033,94.375,1.4794497450465702,0.5096071954807737,165.625,12.829166666666666,1.5791666666666666,52.75,4.55,7.670833333333333,21.10000008333333,London
2024-12-11,8,5,6.75,79,59.25,14,8.4,0.0,7,1050,1033,66.5,1.4794497450465702,0.5096071954807737,166.79166666666666,21.979166666666668,2.5500000000000003,45.291666666666664,5.075,8.125,18.539583333333333,London
2024-12-12,8,7,7.75,96,72.0,10,6.0,0.2,1,150,1032,95.0,2.007468222222222,0.7223258888888888,229.54166666666666,43.25416666666666,6.6125,17.708333333333332,11.445833333333333,16.7375,23.395972291666666,London
2024-12-13,8,6,6.75,81,60.75,6,3.5999999999999996,0.0,1,150,1028,87.875,2.831738181818182,1.1020862727272727,264.125,51.74583333333334,8.270833333333334,9.833333333333334,22.429166666666664,27.775000000000002,33.222570749999996,London
2024-12-14,7,5,6.25,84,63.0,15,9.0,0.0,3,450,1025,81.25,2.2432851428571428,0.9625271428571429,190.375,25.925,2.783333333333333,34.541666666666664,11.225,14.883333333333333,44.13923325,London
2024-12-15,11,5,8.5,96,72.0,15,9.0,0.0,1,150,1031,89.5,2.1122619166666667,0.7617310833333333,165.91666666666666,18.516666666666666,1.95,52.791666666666664,5.045833333333333,7.6499999999999995,21.619097125,London
2024-12-16,11,8,10.25,76,57.0,19,11.4,0.0,3,450,1033,82.75,1.6567399583333333,0.622315125,158.95833333333334,20.045833333333334,2.120833333333333,57.583333333333336,4.654166666666667,7.241666666666667,23.377083541666664,London
2024-12-17,11,7,8.25,97,72.75,15,9.0,0.1,3,450,1030,57.875,1.4676502500000002,0.5945552083333333,173.45833333333334,24.8125,2.470833333333333,44.666666666666664,7.7749999999999995,11.041666666666666,19.453749791666667,London
2024-12-18,13,11,12.5,82,61.5,32,19.2,3.4,1,150,1013,97.25,1.1281410416666666,0.46092937500000003,149.54166666666666,13.533333333333333,1.3625,60.583333333333336,4.441666666666666,8.65,24.312499666666668,London
2024-12-19,13,4,6.5,78,58.5,21,12.6,0.6,5,750,1020,54.375,0.8549263333333332,0.3791244999999999,158.66666666666666,14.141666666666666,1.7375,60.708333333333336,3.829166666666667,5.9624999999999995,24.283333458333335,London
2024-12-20,9,4,6.25,77,57.75,22,13.2,0.2,3,450,1023,65.25,1.8424344285714287,0.6377733809523809,173.20833333333334,26.525000000000002,2.504166666666667,46.541666666666664,5.854166666666667,9.512500000000001,21.128750041666667,London
2024-12-21,11,6,7.75,90,67.5,28,16.8,0.2,1,150,1018,67.125,1.5454490952380953,0.6405342857142857,166.29166666666666,12.670833333333334,1.4708333333333332,58.083333333333336,4.8,8.1,23.233333333333334,London
2024-12-22,7,4,5.5,66,49.5,31,18.599999999999998,0.1,4,600,1013,79.75,0.6222215652173912,0.3328459166666667,150.29166666666666,6.3125,0.9208333333333334,74.70833333333333,2.783333333333333,6.6499999999999995,29.883333124999996,London
2024-12-23,6,4,5.0,75,56.25,21,12.6,0.2,6,900,1025,49.5,1.3380771363636363,0.5744516666666667,179.33333333333334,29.391666666666666,3.0,47.416666666666664,6.1625000000000005,10.295833333333333,26.313750041666665,London
2024-12-24,10,7,8.75,98,73.5,7,4.2,0.2,1,150,1030,99.125,1.858641043478261,0.6888744347826087,202.91666666666666,46.97083333333333,4.591666666666667,16.583333333333332,12.066666666666668,15.541666666666666,23.46520775,London
2024-12-25,10,7,9.0,97,72.75,6,3.5999999999999996,0.0,7,1050,1035,34.625,1.8225197916666669,0.6376382173913043,222.04166666666666,51.59583333333333,6.058333333333334,20.291666666666668,11.883333333333333,15.7875,27.72194420833333,London
2024-12-26,9,6,7.5,96,72.0,4,2.4,0.0,7,1050,1036,37.875,1.4857319166666667,0.6507974166666667,263.125,66.30833333333334,9.958333333333334,8.25,21.254166666666666,27.770833333333332,33.950696125,London
2024-12-27,9,6,8.0,85,63.75,5,3.0,0.0,7,1050,1035,25.25,1.800116,0.7893094090909091,291.75,72.57916666666667,13.016666666666666,3.5416666666666665,28.191666666666666,34.9375,56.11291466666666,London
2024-12-28,9,6,8.0,89,66.75,6,3.5999999999999996,0.0,3,450,1031,64.625,1.3948267368421052,0.7699225000000001,244.25,50.35833333333333,6.920833333333333,12.625,22.150000000000002,27.666666666666668,61.43930520833334,London
2024-12-29,8,4,6.0,94,70.5,12,7.199999999999999,0.0,7,1050,1029,26.25,1.8180960416666665,0.6671269166666667,197.95833333333334,33.34166666666667,3.5500000000000003,27.625,13.470833333333333,16.354166666666668,33.47916825,London
2024-12-30,7,5,6.0,96,72.0,14,8.4,0.0,7,1050,1029,45.25,1.10319825,0.42451345833333337,167.5,23.825,2.5416666666666665,51.625,5.620833333333334,7.8374999999999995,22.256459375000002,London
2024-12-31,11,6,9.0,74,55.5,29,17.4,0.2,6,900,1026,72.125,0.8799452083333333,0.37039104545454554,152.04166666666666,15.183333333333332,1.675,54.666666666666664,5.504166666666666,9.016666666666667,21.866666791666663,London
